net,time
3.86063E-07,0
8.36537E-07,1
1.48027E-06,2
2.63969E-06,3
3.47744E-06,4
5.02499E-06,5
6.89674E-06,6
9.15808E-06,7
1.24579E-05,8
1.49204E-05,9
1.80351E-05,10
2.0374E-05,11
2.34322E-05,12
2.70174E-05,13
2.95638E-05,14
3.34228E-05,15
3.7357E-05,16
4.12342E-05,17
4.54493E-05,18
5.00709E-05,19
5.52998E-05,20
6.01438E-05,21
6.59996E-05,22
6.96685E-05,23
7.38133E-05,24
7.84375E-05,25
8.36794E-05,26
8.7992E-05,27
9.29919E-05,28
9.82087E-05,29
0.000102693,30
0.000107803,31
0.000112312,32
0.000118271,33
0.000123217,34
0.000128178,35
0.000132323,36
0.000137516,37
0.000142237,38
0.000147597,39
0.000153743,40
0.000159698,41
0.000164898,42
0.000169901,43
0.000174351,44
0.000179806,45
0.00018421,46
0.000189624,47
0.000195626,48
0.000200929,49
0.000206322,50
0.000211515,51
0.000216868,52
0.000222234,53
0.000227689,54
0.000233453,55
0.000239453,56
0.000245178,57
0.00025011,58
0.000256012,59
0.00026067,60
0.000265266,61
0.000269945,62
0.000275083,63
0.000279934,64
0.000284648,65
0.000289898,66
0.000294332,67
0.000298322,68
0.000304134,69
0.000308675,70
0.000313075,71
0.00031779,72
0.00032351,73
0.000329399,74
0.000335385,75
0.000341392,76
0.00034649,77
0.000351135,78
0.000355946,79
0.000361159,80
0.000366387,81
0.000369984,82
0.000374765,83
0.000380423,84
0.000384914,85
0.000389416,86
0.000393612,87
0.000398292,88
0.000403141,89
0.0004088,90
0.000412314,91
0.000418798,92
0.000424659,93
0.000428844,94
0.00043433,95
0.000438696,96
0.000443722,97
0.000447458,98
0.000452097,99
0.000456582,100
0.000460178,101
0.000465339,102
0.000468706,103
0.000473643,104
0.000478099,105
0.000482399,106
0.00048704,107
0.000490446,108
0.000496355,109
0.000501113,110
0.000504961,111
0.000509068,112
0.000513939,113
0.000517641,114
0.000522362,115
0.00052684,116
0.00053116,117
0.000535318,118
0.000540165,119
0.000544342,120
0.000549296,121
0.000552978,122
0.000557266,123
0.000560874,124
0.00056578,125
0.000570438,126
0.000575279,127
0.000579262,128
0.000582819,129
0.000588208,130
0.00059239,131
0.000597715,132
0.000601564,133
0.000606824,134
0.000611218,135
0.000615531,136
0.000620912,137
0.000626571,138
0.000631179,139
0.000636863,140
0.000640156,141
0.000645507,142
0.000649709,143
0.000653471,144
0.000656792,145
0.000660659,146
0.000664533,147
0.000669135,148
0.000673926,149
0.000678275,150
0.000682998,151
0.000687275,152
0.000692748,153
0.000696403,154
0.000701346,155
0.000705289,156
0.000710344,157
0.000715136,158
0.000717999,159
0.00072327,160
0.000727997,161
0.000733198,162
0.000737294,163
0.000741679,164
0.000747196,165
0.000752443,166
0.000758641,167
0.000764006,168
0.000767779,169
0.000772882,170
0.000777142,171
0.000781031,172
0.000784735,173
0.000788827,174
0.000793595,175
0.000797226,176
0.00080134,177
0.000806709,178
0.000810647,179
0.000814399,180
0.00081835,181
0.000821632,182
0.000826467,183
0.000830633,184
0.000834516,185
0.000839478,186
0.000843767,187
0.000847477,188
0.000852859,189
0.000858253,190
0.000862282,191
0.000867205,192
0.000871843,193
0.000875897,194
0.000879859,195
0.000883531,196
0.000888999,197
0.000894282,198
0.000898379,199
0.000902082,200
0.00090559,201
0.000910107,202
0.000913828,203
0.000918259,204
0.000922293,205
0.000927144,206
0.000931397,207
0.000935963,208
0.000940334,209
0.000944612,210
0.000948285,211
0.000951863,212
0.000956163,213
0.00096006,214
0.000964273,215
0.000967771,216
0.000972099,217
0.000976435,218
0.000979744,219
0.000984407,220
0.000989287,221
0.000994594,222
0.000999705,223
0.001003989,224
0.001009748,225
0.00101447,226
0.001019414,227
0.001023419,228
0.00102817,229
0.001032509,230
0.001037069,231
0.001042595,232
0.0010476,233
0.001052186,234
0.001056888,235
0.001060634,236
0.001065137,237
0.001069327,238
0.0010732,239
0.001076972,240
0.00108021,241
0.001085614,242
0.00109092,243
0.001094391,244
0.001098737,245
0.001102765,246
0.00110691,247
0.00111139,248
0.001116204,249
0.001119272,250
0.001123881,251
0.00112883,252
0.001133237,253
0.001137321,254
0.001142297,255
0.001147391,256
0.001151829,257
0.001156719,258
0.00116251,259
0.001166304,260
0.001172118,261
0.001176599,262
0.001180189,263
0.001184458,264
0.001188621,265
0.001193355,266
0.001197873,267
0.001201945,268
0.001206817,269
0.001212265,270
0.001216016,271
0.001220457,272
0.001224106,273
0.001229474,274
0.001232562,275
0.001236457,276
0.001240702,277
0.00124438,278
0.001249676,279
0.001254636,280
0.001259257,281
0.001263424,282
0.001268062,283
0.001272824,284
0.001277246,285
0.001282492,286
0.001286227,287
0.001291137,288
0.001295705,289
0.00130122,290
0.001305334,291
0.001309573,292
0.00131429,293
0.001318307,294
0.001322804,295
0.001327308,296
0.001331701,297
0.001335982,298
0.00134027,299
0.001343728,300
0.001348387,301
0.001352217,302
0.001356052,303
0.001360013,304
0.001364702,305
0.001367953,306
0.001373018,307
0.001377124,308
0.001382083,309
0.001385959,310
0.00139142,311
0.001396283,312
0.001401888,313
0.001406405,314
0.001411054,315
0.00141608,316
0.001419395,317
0.001423205,318
0.001428253,319
0.001431829,320
0.001436275,321
0.001440481,322
0.001446429,323
0.00145065,324
0.001453137,325
0.001457369,326
0.001462357,327
0.001466104,328
0.001469732,329
0.001473364,330
0.001476875,331
0.001481272,332
0.001484797,333
0.001489208,334
0.001492994,335
0.001496785,336
0.001501341,337
0.001505017,338
0.001508951,339
0.001513146,340
0.001517603,341
0.001522578,342
0.001525645,343
0.001528971,344
0.00153371,345
0.001539356,346
0.001543468,347
0.00154823,348
0.001553129,349
0.001556228,350
0.001560753,351
0.001565933,352
0.001569824,353
0.0015732,354
0.00157606,355
0.001580877,356
0.001585572,357
0.001589362,358
0.001593158,359
0.001597091,360
0.001600374,361
0.00160524,362
0.001609721,363
0.001613549,364
0.001618441,365
0.001622148,366
0.001626527,367
0.001631184,368
0.001634115,369
0.001637717,370
0.001641325,371
0.001645075,372
0.0016491,373
0.001653536,374
0.001657173,375
0.001659869,376
0.001664189,377
0.001668247,378
0.00167272,379
0.001676795,380
0.001681834,381
0.001686338,382
0.001691668,383
0.001696324,384
0.001700165,385
0.001704427,386
0.001707596,387
0.001710908,388
0.001714641,389
0.001719903,390
0.001723649,391
0.001727817,392
0.001731993,393
0.001735759,394
0.001738973,395
0.001743594,396
0.001746819,397
0.00175019,398
0.001754832,399
0.00175906,400
0.001762166,401
0.001767545,402
0.001772796,403
0.001777487,404
0.001781473,405
0.001784183,406
0.001789043,407
0.001793484,408
0.001798078,409
0.00180225,410
0.001806573,411
0.001811049,412
0.001814376,413
0.001818722,414
0.001820609,415
0.001825114,416
0.001829337,417
0.001832983,418
0.001836489,419
0.001841465,420
0.001846451,421
0.001849243,422
0.001852924,423
0.001856905,424
0.001860744,425
0.001865031,426
0.001868291,427
0.001872448,428
0.001876168,429
0.001880791,430
0.001885724,431
0.001889467,432
0.001892617,433
0.001896975,434
0.001901644,435
0.001904963,436
0.001908741,437
0.001913134,438
0.001917838,439
0.001923462,440
0.001926052,441
0.001929561,442
0.00193277,443
0.001937212,444
0.00194105,445
0.001945354,446
0.001948587,447
0.001952134,448
0.001955532,449
0.001960948,450
0.001964204,451
0.001967778,452
0.001972446,453
0.001976186,454
0.001979776,455
0.00198431,456
0.001988072,457
0.001991685,458
0.001996248,459
0.002000819,460
0.002003817,461
0.002006821,462
0.002009512,463
0.002013,464
0.00201586,465
0.002019997,466
0.002024935,467
0.002029085,468
0.002033882,469
0.00203965,470
0.002044466,471
0.002048649,472
0.00205139,473
0.002054134,474
0.002060275,475
0.002063998,476
0.002066915,477
0.002071461,478
0.002074552,479
0.002078462,480
0.002081397,481
0.002085971,482
0.002090555,483
0.002094325,484
0.002098596,485
0.002103204,486
0.002106832,487
0.00211063,488
0.002114763,489
0.002117909,490
0.00212189,491
0.002126378,492
0.00212921,493
0.002132714,494
0.002136391,495
0.002141411,496
0.00214493,497
0.002147615,498
0.00215148,499
0.002154845,500
0.002157541,501
0.00216277,502
0.002166655,503
0.002170717,504
0.002174783,505
0.002178008,506
0.00218209,507
0.00218601,508
0.002190788,509
0.002193864,510
0.002197629,511
0.002201229,512
0.002205008,513
0.002209139,514
0.002213969,515
0.002217251,516
0.002220883,517
0.002224347,518
0.002227815,519
0.002230594,520
0.002234942,521
0.002239124,522
0.002242614,523
0.002245059,524
0.002249258,525
0.002253288,526
0.002257326,527
0.00226137,528
0.002265774,529
0.002270183,530
0.002272657,531
0.00227655,532
0.002280093,533
0.002283465,534
0.002287909,535
0.002292183,536
0.002295927,537
0.002298782,538
0.002303069,539
0.002307006,540
0.002310591,541
0.002314901,542
0.002317958,543
0.002321019,544
0.002325165,545
0.002329317,546
0.002332753,547
0.002336013,548
0.002338552,549
0.002341638,550
0.002344362,551
0.002348726,552
0.002352003,553
0.002353462,554
0.002358395,555
0.002360041,556
0.002366275,557
0.002371051,558
0.002375467,559
0.002379894,560
0.002382665,561
0.002387107,562
0.002390073,563
0.002394346,564
0.002398253,565
0.002402538,566
0.002405898,567
0.002409824,568
0.002414319,569
0.002417884,570
0.002420515,571
0.00242296,572
0.002426161,573
0.002429933,574
0.002434087,575
0.002438252,576
0.002440148,577
0.002443184,578
0.002446224,579
0.002449268,580
0.002452506,581
0.002454985,582
0.002457658,583
0.002460526,584
0.002463782,585
0.002466465,586
0.002470878,587
0.002475687,588
0.0024807,589
0.002483403,590
0.002485531,591
0.002489017,592
0.002492894,593
0.002496387,594
0.002499692,595
0.002503975,596
0.00250807,597
0.002510805,598
0.00251511,599
0.002517853,600
0.002520992,601
0.002524728,602
0.002527093,603
0.002533812,604
0.002536584,605
0.002540945,606
0.002544319,607
0.002547499,608
0.002551479,609
0.002556065,610
0.002558461,611
0.002560859,612
0.002563061,613
0.002566667,614
0.002569474,615
0.002573088,616
0.002576305,617
0.002579527,618
0.002583561,619
0.00258902,620
0.002592461,621
0.002597327,622
0.002599966,623
0.00260566,624
0.002608513,625
0.002612189,626
0.002615667,627
0.002618329,628
0.00262284,629
0.002626946,630
0.002630441,631
0.002633323,632
0.002637655,633
0.002640548,634
0.002644064,635
0.002647169,636
0.002651941,637
0.002654227,638
0.002657973,639
0.002661726,640
0.002665904,641
0.002669459,642
0.002672601,643
0.002675537,644
0.002679529,645
0.002682477,646
0.002684586,647
0.002686487,648
0.002690715,649
0.002693255,650
0.002696436,651
0.002699197,652
0.002702602,653
0.002705799,654
0.002709643,655
0.002712635,656
0.00271606,657
0.00271949,658
0.002722711,659
0.002725076,660
0.002728738,661
0.002732192,662
0.00273673,663
0.002740627,664
0.002743012,665
0.002744749,666
0.002748228,667
0.00275106,668
0.002754553,669
0.002758049,670
0.002760454,671
0.002764177,672
0.002766151,673
0.002769226,674
0.002772746,675
0.002775831,676
0.002779803,677
0.002783117,678
0.002785551,679
0.00278821,680
0.002791761,681
0.002795096,682
0.002798214,683
0.002800889,684
0.002804461,685
0.002807142,686
0.002809156,687
0.00281319,688
0.002816109,689
0.002819032,690
0.002820833,691
0.002823762,692
0.002826471,693
0.002828958,694
0.002832127,695
0.002834846,696
0.002837339,697
0.002840288,698
0.002843693,699
0.002845966,700
0.002850291,701
0.002852798,702
0.002855765,703
0.002858279,704
0.002861254,705
0.002863085,706
0.002867898,707
0.002870423,708
0.00287341,709
0.002877093,710
0.002879398,711
0.002883322,712
0.002886094,713
0.002889332,714
0.002891184,715
0.002893271,716
0.002896752,717
0.002899076,718
0.002902797,719
0.002905591,720
0.002907689,721
0.002911891,722
0.00291493,723
0.002919143,724
0.00292266,725
0.002927356,726
0.002930882,727
0.002933236,728
0.00293583,729
0.002940553,730
0.0029441,731
0.002947418,732
0.002950739,733
0.002953826,734
0.002955729,735
0.002957158,736
0.002960735,737
0.002964317,738
0.002967426,739
0.00296982,740
0.002971497,741
0.002976057,742
0.002978462,743
0.002981594,744
0.002986905,745
0.002989324,746
0.002992954,747
0.002994892,748
0.002997558,749
0.0029995,750
0.00300339,751
0.003006312,752
0.003009484,753
0.003011926,754
0.003013636,755
0.003017308,756
0.003020006,757
0.003023694,758
0.003025911,759
0.00302986,760
0.003033318,761
0.003034307,762
0.00303703,763
0.003038517,764
0.003041991,765
0.003044725,766
0.003047463,767
0.003050453,768
0.003053197,769
0.003056194,770
0.003058445,771
0.003060448,772
0.003063709,773
0.003066976,774
0.003069995,775
0.003074026,776
0.003078317,777
0.003080592,778
0.003084647,779
0.003086677,780
0.003089472,781
0.003093033,782
0.00309609,783
0.003098896,784
0.003100429,785
0.003101964,786
0.003103756,787
0.003107605,788
0.003110173,789
0.003113258,790
0.003115575,791
0.003118929,792
0.003120221,793
0.003120998,794
0.003123848,795
0.003127997,796
0.003130075,797
0.003132935,798
0.003135018,799
0.003138929,800
0.00314128,801
0.003143896,802
0.0031473,803
0.00314992,804
0.003152545,805
0.003154909,806
0.003156488,807
0.00315807,808
0.003160972,809
0.003163084,810
0.003164932,811
0.003167048,812
0.003170226,813
0.003172083,814
0.00317341,815
0.003176333,816
0.003178194,817
0.003181653,818
0.003184584,819
0.003186185,820
0.003188587,821
0.003191528,822
0.003195812,823
0.003198761,824
0.003201714,825
0.003204671,826
0.003206018,827
0.003207634,828
0.003208711,829
0.003211677,830
0.003214106,831
0.003215996,832
0.003218968,833
0.003221674,834
0.00322357,835
0.003224927,836
0.003227917,837
0.003231454,838
0.003233906,839
0.00323636,840
0.003239363,841
0.003241823,842
0.003244561,843
0.003247303,844
0.003250048,845
0.003253346,846
0.003255548,847
0.003261062,848
0.003263548,849
0.003267144,850
0.003270746,851
0.003273519,852
0.003276573,853
0.003278518,854
0.003281858,855
0.00328548,856
0.003287991,857
0.003292463,858
0.003296101,859
0.003299183,860
0.003301146,861
0.003303392,862
0.00330564,863
0.003308174,864
0.00331269,865
0.003314951,866
0.003316364,867
0.003320044,868
0.00332401,869
0.003325711,870
0.003329685,871
0.003332811,872
0.003337078,873
0.003338501,874
0.003341068,875
0.003343636,876
0.003346494,877
0.003348211,878
0.003349071,879
0.003351651,880
0.003355382,881
0.003357106,882
0.003359983,883
0.003362864,884
0.003365173,885
0.003368352,886
0.003371533,887
0.003374428,888
0.003375877,889
0.003378487,890
0.00338052,891
0.003381392,892
0.00338401,893
0.003387213,894
0.003390712,895
0.003391296,896
0.003393341,897
0.003395974,898
0.003399783,899
0.003401836,900
0.003404184,901
0.003407122,902
0.00340977,903
0.003413011,904
0.003415667,905
0.003418625,906
0.003421291,907
0.00342396,908
0.003426926,909
0.003430492,910
0.003433468,911
0.003435854,912
0.003437048,913
0.003438543,914
0.003441835,915
0.003444231,916
0.003448431,917
0.003451438,918
0.003454148,919
0.003459575,920
0.003461388,921
0.003463504,922
0.003466529,923
0.003469254,924
0.003470467,925
0.003471984,926
0.003473807,927
0.003475936,928
0.003479284,929
0.003480503,930
0.003483858,931
0.003486609,932
0.003489056,933
0.003492119,934
0.003494572,935
0.00349672,936
0.003499177,937
0.003502253,938
0.003505025,939
0.003507491,940
0.003508725,941
0.00351058,942
0.003513054,943
0.00351522,944
0.003518319,945
0.0035208,946
0.003523596,947
0.003525152,948
0.003527958,949
0.003530141,950
0.003532326,951
0.003536391,952
0.003538585,953
0.003541409,954
0.003542979,955
0.00354455,956
0.003546751,957
0.003550844,958
0.003553996,959
0.003554943,960
0.00355747,961
0.003558736,962
0.003561906,963
0.003563175,964
0.003565396,965
0.003566667,966
0.003570167,967
0.003572715,968
0.003575905,969
0.003578139,970
0.003581973,971
0.003583891,972
0.003585811,973
0.003587092,974
0.003589657,975
0.003592224,976
0.003596081,977
0.003596724,978
0.003598975,979
0.003601551,980
0.003603808,981
0.003606068,982
0.003608331,983
0.003610599,984
0.003613194,985
0.003615793,986
0.003619045,987
0.003620347,988
0.00362165,989
0.003624261,990
0.003627203,991
0.00362982,992
0.003631785,993
0.003633423,994
0.003635064,995
0.003637035,996
0.003639996,997
0.003642633,998
0.003644281,999
0.003648903,1000
0.003651217,1001
0.003652211,1002
0.003653869,1003
0.003656193,1004
0.003658188,1005
0.003661182,1006
0.003663511,1007
0.003665845,1008
0.003666179,1009
0.00366785,1010
0.003669857,1011
0.003672538,1012
0.003672873,1013
0.003675558,1014
0.003677911,1015
0.003680939,1016
0.003682961,1017
0.003684648,1018
0.003685662,1019
0.003687691,1020
0.003689722,1021
0.003691077,1022
0.00369447,1023
0.003695149,1024
0.003696509,1025
0.003698893,1026
0.003700596,1027
0.003703665,1028
0.003706395,1029
0.003707762,1030
0.003709472,1031
0.003711185,1032
0.003715646,1033
0.00371805,1034
0.003719425,1035
0.003720801,1036
0.003722522,1037
0.003725968,1038
0.003728728,1039
0.003730455,1040
0.003731837,1041
0.003735641,1042
0.003737719,1043
0.00374084,1044
0.003742576,1045
0.003743619,1046
0.003743967,1047
0.003746404,1048
0.003748493,1049
0.003750234,1050
0.003751977,1051
0.003756513,1052
0.003758959,1053
0.003762107,1054
0.003764908,1055
0.003767362,1056
0.00376982,1057
0.003773335,1058
0.003775448,1059
0.003778268,1060
0.003781445,1061
0.003782151,1062
0.003783211,1063
0.003786748,1064
0.003788519,1065
0.00379171,1066
0.00379384,1067
0.003794551,1068
0.00379704,1069
0.003797752,1070
0.00379882,1071
0.003800601,1072
0.003803813,1073
0.003804885,1074
0.003806674,1075
0.00380918,1076
0.003810254,1077
0.003812048,1078
0.003814202,1079
0.003817437,1080
0.003819596,1081
0.003821761,1082
0.003825012,1083
0.003828629,1084
0.003830078,1085
0.003832254,1086
0.00383407,1087
0.00383516,1088
0.003837343,1089
0.003839527,1090
0.00384062,1091
0.003843537,1092
0.003845362,1093
0.003847189,1094
0.003848653,1095
0.003851585,1096
0.003853785,1097
0.003856354,1098
0.00385856,1099
0.003860032,1100
0.003861875,1101
0.003864829,1102
0.003868523,1103
0.003870002,1104
0.003871852,1105
0.003874074,1106
0.003875558,1107
0.003876301,1108
0.003878533,1109
0.003879651,1110
0.003880396,1111
0.003881889,1112
0.003883384,1113
0.003886754,1114
0.003889755,1115
0.003892762,1116
0.003896904,1117
0.003899542,1118
0.003902183,1119
0.00390445,1120
0.003905585,1121
0.003906343,1122
0.003910136,1123
0.003913935,1124
0.003915075,1125
0.003916217,1126
0.003917741,1127
0.003919267,1128
0.003920032,1129
0.003921946,1130
0.003923864,1131
0.003925782,1132
0.003928086,1133
0.003930009,1134
0.003931549,1135
0.003933091,1136
0.003935794,1137
0.003937341,1138
0.003938887,1139
0.003940435,1140
0.003941983,1141
0.003944309,1142
0.003946638,1143
0.003947416,1144
0.003949752,1145
0.003950142,1146
0.003951701,1147
0.003952482,1148
0.003954437,1149
0.003955612,1150
0.003956395,1151
0.003957572,1152
0.003958356,1153
0.003960712,1154
0.003963462,1155
0.003965823,1156
0.003967793,1157
0.003969372,1158
0.003970954,1159
0.00397214,1160
0.003976497,1161
0.003979272,1162
0.003981654,1163
0.003982845,1164
0.00398563,1165
0.003987224,1166
0.00398842,1167
0.003989618,1168
0.003992415,1169
0.003993617,1170
0.003996826,1171
0.003998835,1172
0.003999237,1173
0.004000041,1174
0.004001651,1175
0.004004473,1176
0.00400649,1177
0.004008511,1178
0.00401094,1179
0.004014181,1180
0.004016208,1181
0.004018642,1182
0.004020671,1183
0.004023514,1184
0.00402392,1185
0.00402514,1186
0.004026767,1187
0.004027581,1188
0.004028803,1189
0.004031249,1190
0.004032066,1191
0.004032066,1192
0.004036164,1193
0.004037395,1194
0.004040271,1195
0.004042737,1196
0.004044794,1197
0.00404603,1198
0.004046855,1199
0.00404892,1200
0.004050987,1201
0.004052642,1202
0.004053883,1203
0.004055955,1204
0.004058861,1205
0.004060107,1206
0.00406094,1207
0.004061357,1208
0.004064274,1209
0.004064692,1210
0.004065945,1211
0.004067199,1212
0.004068872,1213
0.004070547,1214
0.004073901,1215
0.004075579,1216
0.004079776,1217
0.004080617,1218
0.004081458,1219
0.004083564,1220
0.004085252,1221
0.004087364,1222
0.004089477,1223
0.004091169,1224
0.00409244,1225
0.004093712,1226
0.004096684,1227
0.004097535,1228
0.004098813,1229
0.004100518,1230
0.00410265,1231
0.004104785,1232
0.00410564,1233
0.004107781,1234
0.00410821,1235
0.004109067,1236
0.004110782,1237
0.004111211,1238
0.004114647,1239
0.004115077,1240
0.004116368,1241
0.004117662,1242
0.004119389,1243
0.004122415,1244
0.004124578,1245
0.004126744,1246
0.004129348,1247
0.004129782,1248
0.004130217,1249
0.004134137,1250
0.004136318,1251
0.00413981,1252
0.004140248,1253
0.004143312,1254
0.004144188,1255
0.004145505,1256
0.004148579,1257
0.004150338,1258
0.004151657,1259
0.004153418,1260
0.004156064,1261
0.00415783,1262
0.00415783,1263
0.004158273,1264
0.004158716,1265
0.00415916,1266
0.004160491,1267
0.004162712,1268
0.004163602,1269
0.004165829,1270
0.004166275,1271
0.004168059,1272
0.004169399,1273
0.004171187,1274
0.004174767,1275
0.00417656,1276
0.004177009,1277
0.004178807,1278
0.004180606,1279
0.004182856,1280
0.004183758,1281
0.004185563,1282
0.004188274,1283
0.004190085,1284
0.004192352,1285
0.004194166,1286
0.00419462,1287
0.004195529,1288
0.004198716,1289
0.004198716,1290
0.00420054,1291
0.004202367,1292
0.004203281,1293
0.004203738,1294
0.004206941,1295
0.004207399,1296
0.004210153,1297
0.004211073,1298
0.004212914,1299
0.004215218,1300
0.00421568,1301
0.004217527,1302
0.004218914,1303
0.004220302,1304
0.004221692,1305
0.004222618,1306
0.0042254,1307
0.004227257,1308
0.004227257,1309
0.004229118,1310
0.004231913,1311
0.004232379,1312
0.00423378,1313
0.004236583,1314
0.004238453,1315
0.004239389,1316
0.004242671,1317
0.00424361,1318
0.00424408,1319
0.004244551,1320
0.004245492,1321
0.004246435,1322
0.004247378,1323
0.004249266,1324
0.004249738,1325
0.00425258,1326
0.004253528,1327
0.004255425,1328
0.004258273,1329
0.004259223,1330
0.00426398,1331
0.00426541,1332
0.004266364,1333
0.00426732,1334
0.004267798,1335
0.004269232,1336
0.004271624,1337
0.004272102,1338
0.004273538,1339
0.004274975,1340
0.004276414,1341
0.004277373,1342
0.004277853,1343
0.004277853,1344
0.004279777,1345
0.004282186,1346
0.004283634,1347
0.0042846,1348
0.00428605,1349
0.004287501,1350
0.004288469,1351
0.004290409,1352
0.004291866,1353
0.004293811,1354
0.004296733,1355
0.004297708,1356
0.004299658,1357
0.004300635,1358
0.004301613,1359
0.004305039,1360
0.004307491,1361
0.004308473,1362
0.004308965,1363
0.00431044,1364
0.004311918,1365
0.004312904,1366
0.004313891,1367
0.004316364,1368
0.004318842,1369
0.004320329,1370
0.004323306,1371
0.004325294,1372
0.004326289,1373
0.004327784,1374
0.004329781,1375
0.00433078,1376
0.00433228,1377
0.004333782,1378
0.004334785,1379
0.00433579,1380
0.004337803,1381
0.004339314,1382
0.004340323,1383
0.004340828,1384
0.004342344,1385
0.004343861,1386
0.004345887,1387
0.004347915,1388
0.004348423,1389
0.004349948,1390
0.004350965,1391
0.004352494,1392
0.004353513,1393
0.004355556,1394
0.004357089,1395
0.004357601,1396
0.004359139,1397
0.004360165,1398
0.004363245,1399
0.004364273,1400
0.004364788,1401
0.004365303,1402
0.004365819,1403
0.004367371,1404
0.004367371,1405
0.004369959,1406
0.004372032,1407
0.00437307,1408
0.004375148,1409
0.00437775,1410
0.004378792,1411
0.004380876,1412
0.004381398,1413
0.004382965,1414
0.004384013,1415
0.004386112,1416
0.004387689,1417
0.004390321,1418
0.004392956,1419
0.004394537,1420
0.004396121,1421
0.004397705,1422
0.004399293,1423
0.004400353,1424
0.004401945,1425
0.004401945,1426
0.004402476,1427
0.004405134,1428
0.004408329,1429
0.004408862,1430
0.004410995,1431
0.004412063,1432
0.004414199,1433
0.004415267,1434
0.004416871,1435
0.004420079,1436
0.004420615,1437
0.004421686,1438
0.004425441,1439
0.004426515,1440
0.004429739,1441
0.004430816,1442
0.004431894,1443
0.004434593,1444
0.004436757,1445
0.004439465,1446
0.004440007,1447
0.004441092,1448
0.004442721,1449
0.004443807,1450
0.004446529,1451
0.004447074,1452
0.004447074,1453
0.004449259,1454
0.004451992,1455
0.004451992,1456
0.004453087,1457
0.004454732,1458
0.004457478,1459
0.004458579,1460
0.00445913,1461
0.004459681,1462
0.004460784,1463
0.004461889,1464
0.004461889,1465
0.004462444,1466
0.004465775,1467
0.004466331,1468
0.004467442,1469
0.004469111,1470
0.004469111,1471
0.004470229,1472
0.004472469,1473
0.004475834,1474
0.00447808,1475
0.004480889,1476
0.004480889,1477
0.004481452,1478
0.004482582,1479
0.004483713,1480
0.004484279,1481
0.004486547,1482
0.004487683,1483
0.004488251,1484
0.004488821,1485
0.004489391,1486
0.004489963,1487
0.00449283,1488
0.004493977,1489
0.004495125,1490
0.004496275,1491
0.004497427,1492
0.00449858,1493
0.004499736,1494
0.004502052,1495
0.00450321,1496
0.004504949,1497
0.00450669,1498
0.004508433,1499
0.00451018,1500
0.004511346,1501
0.0045131,1502
0.004513685,1503
0.004515442,1504
0.004516615,1505
0.004517202,1506
0.004518378,1507
0.004521325,1508
0.004523096,1509
0.004524869,1510
0.004527825,1511
0.004529601,1512
0.004530787,1513
0.004531975,1514
0.00453257,1515
0.004534357,1516
0.004535549,1517
0.004536146,1518
0.004536743,1519
0.004536743,1520
0.00453794,1521
0.004539139,1522
0.00454034,1523
0.004541541,1524
0.004542141,1525
0.004542742,1526
0.004543946,1527
0.004546359,1528
0.004548172,1529
0.004549988,1530
0.004550594,1531
0.0045512,1532
0.004553022,1533
0.004554239,1534
0.004556069,1535
0.004557902,1536
0.004559737,1537
0.004562797,1538
0.00456341,1539
0.004564636,1540
0.004567094,1541
0.00456771,1542
0.004568327,1543
0.004572035,1544
0.004572653,1545
0.004573272,1546
0.004574513,1547
0.004576998,1548
0.004577621,1549
0.004580736,1550
0.004581982,1551
0.004583852,1552
0.0045851,1553
0.004587598,1554
0.004587598,1555
0.004589479,1556
0.004591989,1557
0.004593876,1558
0.004594505,1559
0.004594505,1560
0.004595135,1561
0.004595767,1562
0.0045964,1563
0.004597666,1564
0.004598301,1565
0.004600205,1566
0.00460084,1567
0.004602746,1568
0.004603382,1569
0.004606562,1570
0.004607835,1571
0.00460911,1572
0.004610385,1573
0.004611662,1574
0.004612939,1575
0.004613579,1576
0.00461486,1577
0.004616143,1578
0.004616785,1579
0.004618712,1580
0.004619355,1581
0.004620643,1582
0.004622578,1583
0.00462516,1584
0.00462516,1585
0.00462516,1586
0.004626457,1587
0.00463035,1588
0.004631,1589
0.004631,1590
0.004631651,1591
0.004632303,1592
0.004632957,1593
0.004634264,1594
0.004634264,1595
0.004634264,1596
0.004636232,1597
0.004637546,1598
0.004638862,1599
0.00463952,1600
0.004640836,1601
0.004642812,1602
0.00464479,1603
0.004646111,1604
0.004646111,1605
0.004646773,1606
0.004649428,1607
0.004650092,1608
0.004652086,1609
0.004652751,1610
0.004656084,1611
0.004657419,1612
0.004659425,1613
0.004660095,1614
0.004660765,1615
0.004662776,1616
0.004663447,1617
0.004664791,1618
0.004665464,1619
0.004667485,1620
0.004668834,1621
0.004669509,1622
0.00467086,1623
0.00467086,1624
0.004672214,1625
0.004672214,1626
0.004674929,1627
0.004674929,1628
0.004674929,1629
0.00467561,1630
0.00467561,1631
0.004678341,1632
0.004678341,1633
0.004679027,1634
0.004681087,1635
0.004683834,1636
0.004684521,1637
0.004687276,1638
0.004688656,1639
0.004688656,1640
0.004689348,1641
0.004690041,1642
0.004690735,1643
0.004691428,1644
0.004691428,1645
0.004691428,1646
0.004691428,1647
0.004692127,1648
0.004692127,1649
0.004694227,1650
0.004694928,1651
0.00469563,1652
0.004699145,1653
0.004699849,1654
0.00470126,1655
0.004703379,1656
0.004703379,1657
0.004704087,1658
0.004705504,1659
0.004706213,1660
0.004709058,1661
0.004711195,1662
0.004714051,1663
0.004716196,1664
0.004717627,1665
0.004718343,1666
0.004719061,1667
0.0047205,1668
0.004721941,1669
0.004722662,1670
0.004723383,1671
0.004723383,1672
0.004723383,1673
0.004724107,1674
0.004727006,1675
0.004727006,1676
0.004727733,1677
0.004729918,1678
0.004731375,1679
0.004732835,1680
0.004735759,1681
0.004737224,1682
0.004741627,1683
0.004741627,1684
0.004741627,1685
0.004743837,1686
0.004743837,1687
0.004744576,1688
0.004746799,1689
0.004749773,1690
0.004751262,1691
0.004752751,1692
0.004754241,1693
0.004756479,1694
0.004757973,1695
0.004757973,1696
0.004760219,1697
0.00476172,1698
0.004765473,1699
0.004766224,1700
0.004767728,1701
0.004773747,1702
0.004774501,1703
0.004778282,1704
0.004778282,1705
0.004778282,1706
0.004778282,1707
0.004779042,1708
0.004780563,1709
0.004780563,1710
0.004780563,1711
0.004782094,1712
0.004782094,1713
0.004783626,1714
0.004784393,1715
0.004784393,1716
0.004786703,1717
0.004788246,1718
0.004789791,1719
0.004789791,1720
0.004793656,1721
0.004794431,1722
0.004795207,1723
0.004799091,1724
0.004800648,1725
0.004801428,1726
0.00480299,1727
0.00480299,1728
0.004803773,1729
0.004803773,1730
0.004804559,1731
0.004804559,1732
0.00480693,1733
0.004808511,1734
0.004810092,1735
0.004811676,1736
0.004812471,1737
0.004812471,1738
0.00481327,1739
0.004814071,1740
0.004816474,1741
0.004818077,1742
0.004818879,1743
0.004819683,1744
0.004820489,1745
0.004822911,1746
0.004822911,1747
0.004822911,1748
0.004822911,1749
0.004824535,1750
0.004826163,1751
0.00482698,1752
0.004827798,1753
0.004828618,1754
0.00483108,1755
0.00483108,1756
0.004832727,1757
0.004832727,1758
0.004835209,1759
0.004836867,1760
0.004837697,1761
0.004841022,1762
0.004841022,1763
0.004841856,1764
0.004841856,1765
0.004842694,1766
0.004843532,1767
0.004845214,1768
0.004846896,1769
0.004847738,1770
0.004848581,1771
0.004848581,1772
0.004849427,1773
0.004850274,1774
0.004851123,1775
0.004851972,1776
0.004852821,1777
0.004853671,1778
0.004854523,1779
0.004855376,1780
0.004856232,1781
0.004856232,1782
0.004857088,1783
0.004857088,1784
0.004857088,1785
0.004857088,1786
0.004857949,1787
0.00485881,1788
0.004860533,1789
0.004860533,1790
0.004861395,1791
0.004861395,1792
0.004863127,1793
0.004863127,1794
0.004863127,1795
0.004863998,1796
0.004863998,1797
0.00486487,1798
0.004866618,1799
0.004867493,1800
0.004869246,1801
0.00487188,1802
0.004873641,1803
0.004874522,1804
0.004876285,1805
0.004878935,1806
0.004880704,1807
0.00488159,1808
0.004883366,1809
0.004883366,1810
0.004885147,1811
0.00488693,1812
0.00488693,1813
0.004887824,1814
0.004889615,1815
0.00489141,1816
0.004892309,1817
0.004892309,1818
0.004894108,1819
0.004897721,1820
0.004899531,1821
0.004901345,1822
0.004901345,1823
0.004901345,1824
0.004901345,1825
0.004901345,1826
0.004901345,1827
0.004904095,1828
0.004905933,1829
0.004905933,1830
0.004906856,1831
0.004906856,1832
0.004907781,1833
0.004909634,1834
0.00491149,1835
0.00491428,1836
0.004916147,1837
0.00491802,1838
0.00491802,1839
0.004918959,1840
0.004920839,1841
0.004920839,1842
0.004920839,1843
0.004920839,1844
0.004921792,1845
0.004921792,1846
0.004923701,1847
0.004923701,1848
0.004926576,1849
0.004928498,1850
0.004930425,1851
0.004932359,1852
0.004933326,1853
0.004933326,1854
0.004933326,1855
0.004934301,1856
0.004934301,1857
0.004936263,1858
0.004937245,1859
0.004937245,1860
0.004940198,1861
0.004942171,1862
0.004945136,1863
0.004946127,1864
0.004947121,1865
0.004948118,1866
0.004950112,1867
0.004952109,1868
0.004954111,1869
0.004957121,1870
0.004958126,1871
0.004958126,1872
0.004958126,1873
0.004958126,1874
0.004958126,1875
0.004961168,1876
0.004961168,1877
0.004963204,1878
0.004966267,1879
0.00496729,1880
0.004968314,1881
0.004970363,1882
0.004971389,1883
0.004973446,1884
0.004974476,1885
0.004974476,1886
0.004974476,1887
0.004975512,1888
0.004976549,1889
0.004976549,1890
0.004977589,1891
0.004980715,1892
0.004980715,1893
0.004980715,1894
0.004980715,1895
0.004981767,1896
0.004981767,1897
0.004982825,1898
0.004986005,1899
0.004987067,1900
0.004987067,1901
0.004988134,1902
0.004988134,1903
0.004990272,1904
0.004992414,1905
0.004992414,1906
0.004995649,1907
0.004998894,1908
0.004999976,1909
0.004999976,1910
0.004999976,1911
0.005001063,1912
0.005003241,1913
0.005003241,1914
0.005004337,1915
0.005005433,1916
0.005006529,1917
0.005006529,1918
0.005009834,1919
0.005009834,1920
0.00501094,1921
0.005013153,1922
0.005014259,1923
0.005014259,1924
0.005015369,1925
0.005019818,1926
0.005019818,1927
0.005020935,1928
0.005020935,1929
0.005020935,1930
0.005020935,1931
0.005022057,1932
0.005025429,1933
0.005028811,1934
0.005028811,1935
0.005028811,1936
0.005031077,1937
0.005031077,1938
0.005032211,1939
0.005032211,1940
0.005032211,1941
0.005032211,1942
0.005035647,1943
0.005035647,1944
0.005035647,1945
0.005036796,1946
0.005036796,1947
0.005036796,1948
0.005040269,1949
0.005040269,1950
0.00504143,1951
0.005043756,1952
0.005046087,1953
0.005046087,1954
0.005046087,1955
0.005046087,1956
0.005046087,1957
0.005046087,1958
0.005047266,1959
0.005047266,1960
0.005047266,1961
0.005048453,1962
0.005048453,1963
0.005049645,1964
0.005050838,1965
0.00505203,1966
0.005054419,1967
0.005054419,1968
0.005054419,1969
0.005054419,1970
0.00505683,1971
0.005058036,1972
0.005058036,1973
0.005058036,1974
0.005058036,1975
0.00505925,1976
0.005060467,1977
0.005060467,1978
0.005062906,1979
0.005062906,1980
0.005062906,1981
0.005062906,1982
0.005062906,1983
0.005064138,1984
0.005064138,1985
0.005064138,1986
0.005064138,1987
0.005065377,1988
0.005065377,1989
0.005065377,1990
0.005067866,1991
0.005067866,1992
0.005070363,1993
0.005071612,1994
0.005071612,1995
0.005072868,1996
0.005072868,1997
0.005074128,1998
0.005076656,1999
0.005076656,2000
0.005076656,2001
0.005077925,2002
0.005077925,2003
0.005077925,2004
0.005077925,2005
0.005079204,2006
0.005079204,2007
0.005080485,2008
0.005083051,2009
0.005084339,2010
0.005084339,2011
0.00508563,2012
0.00508563,2013
0.00508563,2014
0.00508563,2015
0.005086927,2016
0.005086927,2017
0.005086927,2018
0.005088231,2019
0.005088231,2020
0.005089541,2021
0.005090852,2022
0.005090852,2023
0.005092165,2024
0.005094795,2025
0.005094795,2026
0.005094795,2027
0.005096115,2028
0.005096115,2029
0.005096115,2030
0.005096115,2031
0.00509877,2032
0.005101431,2033
0.005101431,2034
0.005101431,2035
0.005101431,2036
0.005101431,2037
0.005101431,2038
0.005104118,2039
0.005106811,2040
0.005106811,2041
0.005106811,2042
0.005109518,2043
0.005110873,2044
0.005112233,2045
0.005112233,2046
0.005112233,2047
0.005112233,2048
0.005113601,2049
0.005113601,2050
0.005114977,2051
0.005116358,2052
0.005116358,2053
0.005117745,2054
0.005117745,2055
0.005117745,2056
0.005119139,2057
0.005119139,2058
0.005119139,2059
0.005120546,2060
0.005120546,2061
0.005120546,2062
0.005120546,2063
0.005121961,2064
0.005121961,2065
0.005121961,2066
0.005123393,2067
0.005126257,2068
0.005126257,2069
0.005126257,2070
0.005126257,2071
0.005126257,2072
0.005129151,2073
0.005129151,2074
0.005129151,2075
0.005130608,2076
0.005130608,2077
0.005132067,2078
0.005133529,2079
0.005134994,2080
0.005136465,2081
0.005139417,2082
0.005140898,2083
0.00514238,2084
0.005143863,2085
0.005145351,2086
0.005146843,2087
0.005146843,2088
0.005146843,2089
0.005149863,2090
0.005151373,2091
0.005152886,2092
0.005154401,2093
0.005154401,2094
0.005154401,2095
0.005155929,2096
0.005157462,2097
0.005158997,2098
0.005160535,2099
0.005160535,2100
0.005162083,2101
0.005162083,2102
0.005165196,2103
0.005165196,2104
0.005165196,2105
0.005169906,2106
0.005169906,2107
0.005169906,2108
0.005169906,2109
0.005169906,2110
0.005173103,2111
0.005173103,2112
0.005174705,2113
0.005174705,2114
0.005176314,2115
0.005176314,2116
0.005176314,2117
0.005176314,2118
0.005177943,2119
0.005179575,2120
0.005181213,2121
0.005181213,2122
0.005181213,2123
0.005181213,2124
0.005182876,2125
0.005182876,2126
0.005186205,2127
0.005186205,2128
0.005186205,2129
0.005187885,2130
0.005187885,2131
0.005189582,2132
0.005191281,2133
0.005192983,2134
0.005192983,2135
0.005192983,2136
0.005192983,2137
0.005192983,2138
0.005192983,2139
0.005194712,2140
0.005198174,2141
0.005198174,2142
0.005201638,2143
0.005201638,2144
0.005201638,2145
0.005203382,2146
0.005203382,2147
0.005208625,2148
0.005210378,2149
0.005212136,2150
0.005212136,2151
0.005212136,2152
0.005212136,2153
0.005212136,2154
0.005212136,2155
0.005213911,2156
0.005213911,2157
0.005213911,2158
0.005215702,2159
0.005215702,2160
0.005215702,2161
0.005215702,2162
0.005215702,2163
0.005215702,2164
0.005215702,2165
0.005215702,2166
0.005215702,2167
0.005215702,2168
0.005215702,2169
0.005219372,2170
0.005219372,2171
0.005219372,2172
0.005219372,2173
0.005221229,2174
0.005221229,2175
0.005221229,2176
0.005223095,2177
0.005224966,2178
0.005224966,2179
0.005224966,2180
0.005224966,2181
0.005224966,2182
0.005224966,2183
0.005226873,2184
0.005230699,2185
0.005230699,2186
0.005230699,2187
0.005232646,2188
0.005232646,2189
0.005234598,2190
0.005234598,2191
0.005234598,2192
0.005234598,2193
0.005234598,2194
0.005234598,2195
0.005234598,2196
0.005234598,2197
0.005238628,2198
0.005238628,2199
0.005238628,2200
0.005238628,2201
0.005240682,2202
0.005244796,2203
0.005244796,2204
0.005248937,2205
0.005248937,2206
0.005248937,2207
0.005248937,2208
0.005248937,2209
0.005248937,2210
0.005248937,2211
0.005251064,2212
0.005253203,2213
0.005253203,2214
0.005253203,2215
0.005253203,2216
0.005253203,2217
0.005253203,2218
0.005253203,2219
0.005253203,2220
0.005255417,2221
0.005257642,2222
0.005257642,2223
0.005262118,2224
0.005264362,2225
0.005264362,2226
0.005264362,2227
0.005264362,2228
0.005264362,2229
0.005266653,2230
0.005266653,2231
0.005266653,2232
0.005266653,2233
0.005266653,2234
0.005266653,2235
0.005266653,2236
0.00527133,2237
0.00527133,2238
0.005273677,2239
0.005273677,2240
0.005273677,2241
0.005273677,2242
0.005276072,2243
0.005276072,2244
0.005276072,2245
0.005276072,2246
0.005276072,2247
0.005276072,2248
0.005278511,2249
0.005278511,2250
0.005278511,2251
0.005278511,2252
0.005278511,2253
0.005278511,2254
0.005278511,2255
0.005278511,2256
0.005281045,2257
0.005281045,2258
0.005283594,2259
0.005283594,2260
0.005283594,2261
0.005283594,2262
0.005286178,2263
0.005286178,2264
0.005286178,2265
0.005288795,2266
0.005288795,2267
0.005288795,2268
0.005288795,2269
0.005288795,2270
0.005288795,2271
0.005291488,2272
0.005291488,2273
0.005291488,2274
0.005294199,2275
0.005294199,2276
0.005294199,2277
0.005294199,2278
0.005294199,2279
0.005294199,2280
0.005294199,2281
0.005294199,2282
0.005294199,2283
0.005296981,2284
0.005296981,2285
0.005296981,2286
0.005296981,2287
0.005296981,2288
0.005299804,2289
0.005299804,2290
0.005299804,2291
0.005299804,2292
0.005299804,2293
0.005299804,2294
0.005299804,2295
0.005299804,2296
0.005299804,2297
0.005299804,2298
0.005299804,2299
0.005299804,2300
0.005299804,2301
0.005299804,2302
0.005299804,2303
0.005299804,2304
0.005299804,2305
0.005299804,2306
0.005299804,2307
0.005299804,2308
0.005299804,2309
0.005299804,2310
0.005299804,2311
0.005299804,2312
0.005299804,2313
0.005299804,2314
0.005302911,2315
0.005302911,2316
0.005302911,2317
0.005302911,2318
0.005302911,2319
0.005302911,2320
0.005302911,2321
0.005306138,2322
0.005309372,2323
0.005309372,2324
0.005309372,2325
0.005309372,2326
0.005309372,2327
0.005309372,2328
0.005309372,2329
0.005309372,2330
0.005309372,2331
0.005309372,2332
0.005309372,2333
0.005309372,2334
0.005309372,2335
0.005309372,2336
0.005309372,2337
0.005309372,2338
0.005309372,2339
0.005312863,2340
0.005312863,2341
0.005312863,2342
0.005319944,2343
0.005323492,2344
0.005323492,2345
0.005323492,2346
0.005323492,2347
0.005323492,2348
0.005323492,2349
0.005323492,2350
0.005323492,2351
0.005323492,2352
0.005323492,2353
0.005323492,2354
0.005323492,2355
0.005323492,2356
0.005323492,2357
0.005323492,2358
0.005323492,2359
0.005323492,2360
0.005323492,2361
0.005323492,2362
0.005323492,2363
0.005323492,2364
0.005323492,2365
0.005323492,2366
0.005323492,2367
0.005323492,2368
0.005323492,2369
0.005323492,2370
0.005323492,2371
0.005327561,2372
0.005327561,2373
0.005327561,2374
0.005327561,2375
0.00533176,2376
0.00533176,2377
0.00533176,2378
0.00533176,2379
0.00533176,2380
0.00533176,2381
0.00533176,2382
0.00533176,2383
0.00533176,2384
0.00533176,2385
0.00533176,2386
0.00533176,2387
0.00533176,2388
0.00533176,2389
0.00533176,2390
0.00533176,2391
0.00533176,2392
0.00533176,2393
0.00533176,2394
0.00533176,2395
0.005336527,2396
0.005336527,2397
0.005336527,2398
0.005336527,2399
0.005336527,2400
0.005336527,2401
0.005336527,2402
0.005336527,2403
0.005341519,2404
0.005346572,2405
0.005346572,2406
0.005346572,2407
0.005346572,2408
0.005346572,2409
0.005351778,2410
0.005357039,2411
0.005357039,2412
0.005357039,2413
0.005357039,2414
0.005357039,2415
0.005357039,2416
0.005357039,2417
0.005357039,2418
0.005357039,2419
0.005357039,2420
0.005357039,2421
0.005357039,2422
0.005357039,2423
0.005357039,2424
0.005357039,2425
0.005357039,2426
0.005357039,2427
0.005357039,2428
0.005357039,2429
0.005357039,2430
0.005357039,2431
0.00536318,2432
0.00536318,2433
0.00536318,2434
0.005369345,2435
0.005369345,2436
0.005369345,2437
0.005369345,2438
0.005369345,2439
0.005369345,2440
0.005369345,2441
0.005369345,2442
0.005369345,2443
0.005369345,2444
0.005369345,2445
0.005369345,2446
0.005369345,2447
0.005369345,2448
0.005369345,2449
0.005369345,2450
0.005369345,2451
0.005369345,2452
0.005369345,2453
0.005369345,2454
0.005369345,2455
0.005369345,2456
0.005369345,2457
0.005369345,2458
0.005369345,2459
0.005369345,2460
0.005369345,2461
0.005369345,2462
0.005369345,2463
0.005369345,2464
0.005369345,2465
0.005369345,2466
0.005369345,2467
0.005369345,2468
0.005369345,2469
0.005369345,2470
0.005369345,2471
0.005369345,2472
0.005369345,2473
0.005369345,2474
0.005369345,2475
0.005369345,2476
0.005369345,2477
0.005369345,2478
0.005369345,2479
0.005369345,2480
0.005369345,2481
0.005369345,2482
0.005369345,2483
0.005369345,2484
0.005369345,2485
0.005369345,2486
0.005369345,2487
0.005369345,2488
0.005369345,2489
0.005369345,2490
0.005369345,2491
0.005369345,2492
0.005369345,2493
0.005369345,2494
0.005369345,2495
0.005369345,2496
0.005369345,2497
0.005369345,2498
0.005369345,2499
0.005369345,2500
0.005369345,2501
0.005369345,2502
0.005369345,2503
0.005369345,2504
0.005369345,2505
0.005369345,2506
0.005369345,2507
0.005369345,2508
0.005369345,2509
0.005369345,2510
0.005369345,2511
0.005369345,2512
0.005369345,2513
0.005369345,2514
0.005369345,2515
0.005369345,2516
0.005369345,2517
0.005369345,2518
0.005369345,2519
0.005369345,2520
0.005369345,2521
0.005369345,2522
0.005369345,2523
0.005369345,2524
0.005369345,2525
0.005369345,2526
0.005369345,2527
0.005369345,2528
0.005369345,2529
0.005369345,2530
0.005369345,2531
0.005369345,2532
0.005369345,2533
0.005401373,2534
0.005401373,2535
0.005401373,2536
0.005401373,2537
0.005401373,2538
0.005401373,2539
0.005401373,2540
0.005401373,2541
0.005401373,2542
0.005401373,2543
0.005401373,2544
0.005401373,2545
0.005401373,2546
0.005401373,2547
0.005401373,2548
0.005401373,2549
0.005401373,2550
0.005401373,2551
0.005401373,2552
0.005401373,2553
0.005401373,2554
0.005401373,2555
0.005401373,2556