time,net
1,1.01084E-06
2,2.16632E-06
3,3.61172E-06
4,5.20267E-06
5,8.24215E-06
6,1.12853E-05
7,1.33159E-05
8,1.65098E-05
9,1.98533E-05
10,2.21813E-05
11,2.48022E-05
12,2.96137E-05
13,3.3704E-05
14,3.86803E-05
15,4.24921E-05
16,4.83685E-05
17,5.35228E-05
18,5.8688E-05
19,6.50494E-05
20,7.2169E-05
21,7.81161E-05
22,8.51226E-05
23,9.16998E-05
24,9.66429E-05
25,0.000104603
26,0.000111078
27,0.000118173
28,0.000125742
29,0.000133487
30,0.000142632
31,0.000147981
32,0.000154569
33,0.000161789
34,0.000168104
35,0.00017536
36,0.000181707
37,0.000190089
38,0.000196472
39,0.000201465
40,0.000209129
41,0.000217131
42,0.000223901
43,0.000231164
44,0.000237182
45,0.000242896
46,0.00024926
47,0.000256916
48,0.000263957
49,0.00027134
50,0.000278263
51,0.000283913
52,0.000291033
53,0.00029671
54,0.000303051
55,0.000310223
56,0.000316761
57,0.000325122
58,0.000330876
59,0.000337469
60,0.000344739
61,0.000352862
62,0.000360839
63,0.000365502
64,0.000373177
65,0.000380537
66,0.000387578
67,0.000394804
68,0.000402217
69,0.000409309
70,0.000417772
71,0.000422861
72,0.000428811
73,0.00043392
74,0.000440577
75,0.000448106
76,0.000456686
77,0.000464776
78,0.000470987
79,0.00047652
80,0.000485018
81,0.000491975
82,0.000499123
83,0.000505588
84,0.000510842
85,0.000518918
86,0.000526665
87,0.000532312
88,0.000541333
89,0.000546828
90,0.000552867
91,0.000557318
92,0.000564631
93,0.000570351
94,0.000576081
95,0.000582182
96,0.000590637
97,0.000597129
98,0.000601465
99,0.000607437
100,0.00061197
101,0.000619421
102,0.000626708
103,0.000632185
104,0.000639688
105,0.000646845
106,0.000653653
107,0.000659737
108,0.000665649
109,0.000670647
110,0.000676955
111,0.000683653
112,0.000689623
113,0.000695978
114,0.000702347
115,0.000711548
116,0.000717572
117,0.000725122
118,0.000731746
119,0.00073896
120,0.00074486
121,0.00075001
122,0.000756127
123,0.000762062
124,0.000767047
125,0.000773003
126,0.000778007
127,0.000784759
128,0.000793657
129,0.000798892
130,0.000806859
131,0.000812508
132,0.000818755
133,0.000826584
134,0.000832273
135,0.000838759
136,0.000844863
137,0.000849796
138,0.00085731
139,0.00086286
140,0.000868622
141,0.000873996
142,0.000879579
143,0.000884375
144,0.000889378
145,0.00089499
146,0.000900012
147,0.000904841
148,0.000911089
149,0.000916743
150,0.00092281
151,0.000928892
152,0.000934784
153,0.000939466
154,0.000943951
155,0.000949259
156,0.000954779
157,0.000960718
158,0.000968312
159,0.000972425
160,0.000980663
161,0.000987473
162,0.000994299
163,0.00100114
164,0.001004878
165,0.001011116
166,0.001018199
167,0.001024877
168,0.001030312
169,0.001035754
170,0.001041835
171,0.0010494
172,0.001054665
173,0.001061415
174,0.001066486
175,0.001070506
176,0.001075803
177,0.001081532
178,0.001088972
179,0.001094937
180,0.001100913
181,0.001107328
182,0.001113113
183,0.001118907
184,0.001122991
185,0.001129017
186,0.001135486
187,0.001141752
188,0.00114825
189,0.001154108
190,0.001159323
191,0.001164548
192,0.001170003
193,0.001175905
194,0.001180065
195,0.001185765
196,0.001191694
197,0.001200938
198,0.001207554
199,0.001214184
200,0.001220383
201,0.001226372
202,0.001233705
203,0.00123994
204,0.001245519
205,0.001249988
206,0.001255808
207,0.001262311
208,0.001269506
209,0.001276042
210,0.001282138
211,0.001288924
212,0.001294818
213,0.00130163
214,0.001306408
215,0.001313018
216,0.001318041
217,0.001323075
218,0.001328577
219,0.001333172
220,0.001338003
221,0.001343302
222,0.001347917
223,0.001353464
224,0.001361571
225,0.001368535
226,0.001375745
227,0.001381104
228,0.00138647
229,0.001392079
230,0.001397934
231,0.001403565
232,0.001408734
233,0.001414619
234,0.001421225
235,0.001426661
236,0.001430685
237,0.001434477
238,0.001439223
239,0.001444212
240,0.001449683
241,0.00145397
242,0.001458739
243,0.001464707
244,0.001469728
245,0.001477155
246,0.001482674
247,0.001488443
248,0.001494219
249,0.001501694
250,0.001508217
251,0.001513298
252,0.001517417
253,0.001523972
254,0.001530051
255,0.001538094
256,0.001544932
257,0.001550068
258,0.001556437
259,0.0015638
260,0.001568717
261,0.001574133
262,0.001580051
263,0.001584495
264,0.001590183
265,0.001594145
266,0.001601092
267,0.001606564
268,0.001613293
269,0.001618037
270,0.001625293
271,0.001631811
272,0.001637086
273,0.001642619
274,0.001648917
275,0.001656488
276,0.001662304
277,0.001667116
278,0.001673203
279,0.00167803
280,0.001685663
281,0.001693313
282,0.001698421
283,0.001703025
284,0.001709686
285,0.001715334
286,0.001723051
287,0.001729752
288,0.001736722
289,0.001742152
290,0.001748884
291,0.001754591
292,0.001759787
293,0.00176499
294,0.001769942
295,0.001775684
296,0.001782482
297,0.001787197
298,0.001793231
299,0.001797959
300,0.001803483
301,0.001808486
302,0.001811386
303,0.001815873
304,0.001819837
305,0.001825131
306,0.001832822
307,0.001837605
308,0.001843193
309,0.001848789
310,0.001853327
311,0.001860548
312,0.001864566
313,0.001873419
314,0.001878525
315,0.001886065
316,0.001893352
317,0.001900654
318,0.00190499
319,0.001910418
320,0.001915309
321,0.001920206
322,0.001922658
323,0.001931388
324,0.00193576
325,0.001938495
326,0.001944793
327,0.001950277
328,0.001955221
329,0.00196017
330,0.001966503
331,0.001972849
332,0.001978655
333,0.001983916
334,0.00198752
335,0.001992239
336,0.001998354
337,0.002002807
338,0.002010891
339,0.002015359
340,0.002019552
341,0.002025152
342,0.002028236
343,0.002034411
344,0.002038909
345,0.002043976
346,0.00204905
347,0.002054975
348,0.002061192
349,0.002067421
350,0.002070823
351,0.002078768
352,0.002085021
353,0.002091568
354,0.00209784
355,0.002104409
356,0.002111847
357,0.002119014
358,0.002123608
359,0.002129357
360,0.002134541
361,0.002140597
362,0.002145216
363,0.002152156
364,0.002157371
365,0.002162593
366,0.002167824
367,0.002171609
368,0.002177148
369,0.002181818
370,0.002187666
371,0.002193817
372,0.002197043
373,0.002202916
374,0.002207914
375,0.002213802
376,0.002220286
377,0.002226189
378,0.002234172
379,0.002238614
380,0.002244249
381,0.002250191
382,0.002257628
383,0.002267462
384,0.002273433
385,0.002277918
386,0.002283606
387,0.002290203
388,0.002295306
389,0.00230222
390,0.002305231
391,0.002313374
392,0.002320326
393,0.002328505
394,0.00233427
395,0.002339739
396,0.002344606
397,0.002348869
398,0.002354663
399,0.002361993
400,0.002367804
401,0.002374235
402,0.002379756
403,0.002387744
404,0.002392668
405,0.002398215
406,0.002403153
407,0.00240686
408,0.002412118
409,0.00241738
410,0.0024211
411,0.002426998
412,0.002431038
413,0.002434148
414,0.002439128
415,0.002444426
416,0.002450044
417,0.002455981
418,0.002459422
419,0.002462864
420,0.002470069
421,0.00247603
422,0.002479799
423,0.002486402
424,0.002492383
425,0.002498688
426,0.002504687
427,0.002510063
428,0.002515766
429,0.002522111
430,0.002526558
431,0.002531647
432,0.002537061
433,0.002540567
434,0.002546632
435,0.002550787
436,0.002556868
437,0.002559751
438,0.002567772
439,0.002573556
440,0.002577094
441,0.002581603
442,0.002587085
443,0.002590313
444,0.002597096
445,0.002600653
446,0.002606481
447,0.002611341
448,0.002615558
449,0.002620754
450,0.002629533
451,0.002633765
452,0.002639307
453,0.00264649
454,0.00265172
455,0.00265532
456,0.002661217
457,0.002663185
458,0.002666467
459,0.002674355
460,0.002681599
461,0.002686546
462,0.00269183
463,0.002697119
464,0.002702413
465,0.002708044
466,0.002713352
467,0.002718002
468,0.002721993
469,0.002729317
470,0.002735652
471,0.002739658
472,0.00274233
473,0.002746008
474,0.002752367
475,0.002757727
476,0.002762757
477,0.002765107
478,0.00276813
479,0.002773174
480,0.002774857
481,0.002778226
482,0.002784634
483,0.002789024
484,0.002794095
485,0.002801206
486,0.002806633
487,0.002807992
488,0.002812409
489,0.002816149
490,0.002821256
491,0.002827732
492,0.002832851
493,0.002839344
494,0.002844476
495,0.002848929
496,0.002855445
497,0.002859565
498,0.002864033
499,0.002868851
500,0.00287712
501,0.002880914
502,0.002888512
503,0.002894392
504,0.002900278
505,0.002903744
506,0.002906866
507,0.002910337
508,0.002915547
509,0.002921459
510,0.00292494
511,0.002930516
512,0.002936099
513,0.002939242
514,0.002944835
515,0.002949734
516,0.002952185
517,0.002956739
518,0.002962
519,0.002967266
520,0.002969023
521,0.002972889
522,0.002977111
523,0.002979928
524,0.002983099
525,0.002987684
526,0.002992626
527,0.002995804
528,0.003000046
529,0.003005708
530,0.003011731
531,0.003017406
532,0.003023798
533,0.003028421
534,0.003033048
535,0.00303875
536,0.003045172
537,0.003047673
538,0.003052322
539,0.00305626
540,0.003061278
541,0.003064865
542,0.003070611
543,0.003076367
544,0.003079248
545,0.003083571
546,0.003089342
547,0.003095119
548,0.003100904
549,0.003104885
550,0.003110682
551,0.003114671
552,0.003119026
553,0.003123748
554,0.003127384
555,0.003131023
556,0.0031343
557,0.003139767
558,0.003145972
559,0.003151454
560,0.003155112
561,0.003159141
562,0.003163539
563,0.003169777
564,0.003172716
565,0.003178969
566,0.003183389
567,0.003189656
568,0.003194823
569,0.003198517
570,0.003201843
571,0.003206281
572,0.003209611
573,0.003216651
574,0.003221103
575,0.003224446
576,0.003228908
577,0.003233002
578,0.00323822
579,0.003242324
580,0.003248299
581,0.003253161
582,0.003258404
583,0.003261778
584,0.00326628
585,0.003270413
586,0.003274549
587,0.003279065
588,0.003283963
589,0.003287357
590,0.003291131
591,0.003294152
592,0.003300579
593,0.003305123
594,0.003308534
595,0.003311947
596,0.003316501
597,0.003322199
598,0.003326761
599,0.003331326
600,0.003333991
601,0.00333818
602,0.003342754
603,0.003346952
604,0.003351919
605,0.003356125
606,0.003359952
607,0.003364548
608,0.003367998
609,0.003373754
610,0.003377594
611,0.003380667
612,0.003384511
613,0.003386433
614,0.003390667
615,0.003394132
616,0.00340107
617,0.003405702
618,0.003407247
619,0.003411111
620,0.003415752
621,0.003419234
622,0.003422721
623,0.003426986
624,0.003434365
625,0.003439031
626,0.003442533
627,0.003447986
628,0.003452666
629,0.003458523
630,0.003462823
631,0.003468691
632,0.003472216
633,0.003478095
634,0.003484376
635,0.003487519
636,0.003491452
637,0.003495781
638,0.003501294
639,0.003504054
640,0.003508393
641,0.003512737
642,0.003516688
643,0.003522622
644,0.003525791
645,0.003529358
646,0.00353134
647,0.003535307
648,0.003537293
649,0.00354206
650,0.003547228
651,0.003553596
652,0.003556386
653,0.003558778
654,0.003561969
655,0.003565562
656,0.003569558
657,0.003572755
658,0.003577155
659,0.003580357
660,0.003583961
661,0.003588768
662,0.003593179
663,0.003595186
664,0.003597594
665,0.003602415
666,0.003607239
667,0.003611263
668,0.003613276
669,0.003616901
670,0.003621338
671,0.003626586
672,0.003632647
673,0.003635882
674,0.003642762
675,0.003646408
676,0.003651678
677,0.003656953
678,0.003659795
679,0.003664265
680,0.003667926
681,0.003672404
682,0.003677699
683,0.003682998
684,0.003689934
685,0.003693201
686,0.003696062
687,0.00370015
688,0.003703423
689,0.003707519
690,0.003713259
691,0.003716541
692,0.003719827
693,0.003723115
694,0.003725582
695,0.003730109
696,0.003735054
697,0.003738354
698,0.003742483
699,0.003746615
700,0.003751579
701,0.003755304
702,0.003760274
703,0.003765249
704,0.003768152
705,0.003772303
706,0.00377521
707,0.003780197
708,0.003782692
709,0.003785188
710,0.003787686
711,0.003791435
712,0.003796856
713,0.003801448
714,0.003806044
715,0.003811061
716,0.003814409
717,0.003817759
718,0.003819015
719,0.003822368
720,0.00382698
721,0.003830339
722,0.003835382
723,0.003837486
724,0.003843379
725,0.003846328
726,0.00384928
727,0.003850546
728,0.003855612
729,0.003857723
730,0.003864485
731,0.003867022
732,0.003869983
733,0.003873794
734,0.003877184
735,0.003879304
736,0.003883121
737,0.003886091
738,0.003891612
739,0.003896712
740,0.00390054
741,0.00390352
742,0.003906074
743,0.003910337
744,0.003914176
745,0.003917164
746,0.003919299
747,0.003923145
748,0.003925283
749,0.003926566
750,0.003930843
751,0.003932984
752,0.00393641
753,0.003939838
754,0.003943269
755,0.003945845
756,0.003947133
757,0.003950568
758,0.003954866
759,0.003959166
760,0.00396476
761,0.003965622
762,0.003969068
763,0.003971224
764,0.003972949
765,0.003974244
766,0.003978993
767,0.003982882
768,0.003985477
769,0.003988507
770,0.003993273
771,0.003998478
772,0.00399978
773,0.004003255
774,0.004007167
775,0.004010647
776,0.004015437
777,0.004020232
778,0.004023284
779,0.004026776
780,0.004031144
781,0.004033329
782,0.004036828
783,0.004041641
784,0.004043392
785,0.004044268
786,0.004046896
787,0.004048211
788,0.004051718
789,0.004055665
790,0.004058737
791,0.004062249
792,0.004065764
793,0.004068402
794,0.004070602
795,0.004074564
796,0.004079851
797,0.004081614
798,0.004085584
799,0.004086908
800,0.004091325
801,0.004094418
802,0.004097513
803,0.004101936
804,0.004104591
805,0.004107691
806,0.004111234
807,0.00411611
808,0.004118328
809,0.004123212
810,0.004126323
811,0.004130324
812,0.004133439
813,0.004137891
814,0.004140119
815,0.004142793
816,0.00414413
817,0.004148144
818,0.004151715
819,0.004157075
820,0.00415931
821,0.004164678
822,0.004170948
823,0.004172293
824,0.004177224
825,0.004182609
826,0.0041862
827,0.004188895
828,0.004193388
829,0.004195187
830,0.004197885
831,0.004200584
832,0.004203284
833,0.004203284
834,0.004207787
835,0.004209588
836,0.00421094
837,0.004215449
838,0.004218157
839,0.004219962
840,0.004223576
841,0.004227644
842,0.004231262
843,0.004235336
844,0.00423896
845,0.004239413
846,0.004243495
847,0.004246218
848,0.004250759
849,0.00425485
850,0.004257579
851,0.004261676
852,0.004263954
853,0.004268969
854,0.00427125
855,0.004277188
856,0.004282214
857,0.004285871
858,0.004290446
859,0.004295023
860,0.004298688
861,0.004300522
862,0.004305109
863,0.004308321
864,0.004312914
865,0.00431797
866,0.00432027
867,0.004325331
868,0.004329936
869,0.004334082
870,0.004337307
871,0.004340995
872,0.004344224
873,0.004347453
874,0.004351146
875,0.004353918
876,0.004360392
877,0.004364558
878,0.00436641
879,0.004366873
880,0.004370581
881,0.00437522
882,0.004379397
883,0.004381255
884,0.004383114
885,0.004385904
886,0.004391488
887,0.004396146
888,0.004398009
889,0.004400806
890,0.004404071
891,0.004408737
892,0.004411072
893,0.004412941
894,0.004416213
895,0.004418551
896,0.004421359
897,0.004424168
898,0.004425573
899,0.004431665
900,0.00443354
901,0.004436824
902,0.004441988
903,0.004444338
904,0.004446689
905,0.004449041
906,0.004454219
907,0.004457988
908,0.004460345
909,0.004464118
910,0.004468839
911,0.004471201
912,0.00447593
913,0.004479241
914,0.004482555
915,0.004483975
916,0.004488712
917,0.004493452
918,0.004497721
919,0.004500093
920,0.004507688
921,0.004510063
922,0.004514817
923,0.004518147
924,0.004522908
925,0.004527673
926,0.00452958
927,0.004531487
928,0.004533394
929,0.004535303
930,0.004536257
931,0.00453912
932,0.004541986
933,0.004546286
934,0.004549153
935,0.004550588
936,0.004552501
937,0.004556808
938,0.004559682
939,0.00456064
940,0.004563516
941,0.004564475
942,0.004566874
943,0.004568794
944,0.004574077
945,0.004576961
946,0.004580328
947,0.004582253
948,0.004585623
949,0.004588513
950,0.004593333
951,0.004596711
952,0.004599609
953,0.004602026
954,0.004604926
955,0.004607344
956,0.004609763
957,0.004613152
958,0.004615573
959,0.004618964
960,0.004619449
961,0.004621872
962,0.004623326
963,0.004626722
964,0.004632061
965,0.00463449
966,0.004635947
967,0.004638863
968,0.004640322
969,0.004643726
970,0.004646645
971,0.004649566
972,0.004652
973,0.004653948
974,0.004655409
975,0.004657844
976,0.004661742
977,0.00466418
978,0.004664668
979,0.004668571
980,0.004670523
981,0.004673941
982,0.004674918
983,0.004676873
984,0.004679318
985,0.004680785
986,0.004682252
987,0.004684698
988,0.004687145
989,0.004688613
990,0.004690572
991,0.004693512
992,0.004696454
993,0.004700868
994,0.004704302
995,0.004705775
996,0.004708721
997,0.004713144
998,0.004715111
999,0.004718553
1000,0.004721997
1001,0.004723966
1002,0.004724951
1003,0.004726921
1004,0.004729876
1005,0.004731847
1006,0.004734804
1007,0.004737269
1008,0.004740228
1009,0.004741709
1010,0.004743683
1011,0.00474467
1012,0.004746645
1013,0.004749608
1014,0.004752573
1015,0.00475455
1016,0.004756528
1017,0.004758506
1018,0.004762466
1019,0.004764446
1020,0.004767417
1021,0.004769895
1022,0.004774852
1023,0.004777331
1024,0.00477882
1025,0.004783287
1026,0.004786763
1027,0.00478875
1028,0.004790737
1029,0.004793223
1030,0.004795212
1031,0.004796705
1032,0.004798696
1033,0.004800688
1034,0.00480268
1035,0.00480567
1036,0.004808162
1037,0.004810655
1038,0.004813648
1039,0.004814646
1040,0.004818139
1041,0.004819138
1042,0.004822135
1043,0.004824134
1044,0.004828132
1045,0.004830133
1046,0.004833135
1047,0.004834136
1048,0.004836639
1049,0.004839143
1050,0.004840145
1051,0.004841648
1052,0.004843653
1053,0.004846662
1054,0.004849171
1055,0.004851681
1056,0.004852685
1057,0.00485369
1058,0.004856706
1059,0.004859221
1060,0.004863246
1061,0.00486526
1062,0.004866267
1063,0.004867779
1064,0.004869794
1065,0.004872314
1066,0.004876853
1067,0.004879376
1068,0.004880385
1069,0.0048819
1070,0.00488392
1071,0.004890489
1072,0.004891501
1073,0.004896054
1074,0.00489656
1075,0.004899597
1076,0.004902635
1077,0.00490466
1078,0.00490618
1079,0.004908207
1080,0.004912768
1081,0.004915811
1082,0.004916826
1083,0.004918856
1084,0.004921903
1085,0.004922919
1086,0.004925968
1087,0.004927494
1088,0.00492902
1089,0.004930546
1090,0.004933598
1091,0.004936652
1092,0.004940217
1093,0.004943274
1094,0.004944803
1095,0.004946842
1096,0.004949393
1097,0.004953984
1098,0.004954495
1099,0.004955516
1100,0.004957559
1101,0.004961136
1102,0.004962158
1103,0.004964715
1104,0.004965738
1105,0.00496932
1106,0.004972392
1107,0.004973928
1108,0.004975978
1109,0.00497854
1110,0.00497854
1111,0.00497854
1112,0.004980079
1113,0.004982643
1114,0.004984695
1115,0.004986748
1116,0.004989829
1117,0.004996507
1118,0.004999591
1119,0.00500062
1120,0.005003706
1121,0.00500525
1122,0.005007309
1123,0.005009884
1124,0.005011945
1125,0.005013492
1126,0.005014523
1127,0.005016586
1128,0.005019165
1129,0.005020197
1130,0.005022777
1131,0.005026908
1132,0.005032074
1133,0.005035176
1134,0.005038797
1135,0.005043456
1136,0.005046564
1137,0.005051749
1138,0.005054344
1139,0.00505642
1140,0.005059017
1141,0.005061095
1142,0.005063694
1143,0.005066293
1144,0.005068893
1145,0.005070453
1146,0.005072535
1147,0.005075138
1148,0.005077221
1149,0.005079825
1150,0.00508191
1151,0.005084517
1152,0.005087647
1153,0.005090256
1154,0.0050913
1155,0.005094433
1156,0.005096
1157,0.005098613
1158,0.005101228
1159,0.005103844
1160,0.005108033
1161,0.005110128
1162,0.005112748
1163,0.005114844
1164,0.005115892
1165,0.005117989
1166,0.005120611
1167,0.005123234
1168,0.005124809
1169,0.005128486
1170,0.005129536
1171,0.005132163
1172,0.005135843
1173,0.00513742
1174,0.005138998
1175,0.005141103
1176,0.005143209
1177,0.005144788
1178,0.005146895
1179,0.005149528
1180,0.005151635
1181,0.005153216
1182,0.005156378
1183,0.005159541
1184,0.005160596
1185,0.005162706
1186,0.005164289
1187,0.005166401
1188,0.005167985
1189,0.005171157
1190,0.005172743
1191,0.005174858
1192,0.005175387
1193,0.005178032
1194,0.00517962
1195,0.005182267
1196,0.005185976
1197,0.005188096
1198,0.005190217
1199,0.005192868
1200,0.005195521
1201,0.005197644
1202,0.005200299
1203,0.005202425
1204,0.005203488
1205,0.005205084
1206,0.005207211
1207,0.005208807
1208,0.005209871
1209,0.005212532
1210,0.005213065
1211,0.00521413
1212,0.00521626
1213,0.005217858
1214,0.005220521
1215,0.005223719
1216,0.005227451
1217,0.005230652
1218,0.005231719
1219,0.005233321
1220,0.005233854
1221,0.005234922
1222,0.005237593
1223,0.005240799
1224,0.005243472
1225,0.005244542
1226,0.005245612
1227,0.005246147
1228,0.005247752
1229,0.005251499
1230,0.005254712
1231,0.005258461
1232,0.005260069
1233,0.005260069
1234,0.005263287
1235,0.005263823
1236,0.00526597
1237,0.005268653
1238,0.005271337
1239,0.005272411
1240,0.005273485
1241,0.005274559
1242,0.005276708
1243,0.00527832
1244,0.005281547
1245,0.005284775
1246,0.005286391
1247,0.005288546
1248,0.005290701
1249,0.005291779
1250,0.005293397
1251,0.005294475
1252,0.005296632
1253,0.005297711
1254,0.00529987
1255,0.005301489
1256,0.005302569
1257,0.005304729
1258,0.005305269
1259,0.00530797
1260,0.005310672
1261,0.005313916
1262,0.005315539
1263,0.005316079
1264,0.005318784
1265,0.005320949
1266,0.00532149
1267,0.005322572
1268,0.005324738
1269,0.005325821
1270,0.005327445
1271,0.005328529
1272,0.005330154
1273,0.005333948
1274,0.005335032
1275,0.005336117
1276,0.005338287
1277,0.005339914
1278,0.005340999
1279,0.00534317
1280,0.005344799
1281,0.005346972
1282,0.005349145
1283,0.005350232
1284,0.00535295
1285,0.005355669
1286,0.005357844
1287,0.005358932
1288,0.005360564
1289,0.005363285
1290,0.005365462
1291,0.005366006
1292,0.005368184
1293,0.005371453
1294,0.005373089
1295,0.005376363
1296,0.005378
1297,0.005381276
1298,0.005381822
1299,0.005384552
1300,0.005387831
1301,0.005388378
1302,0.005392753
1303,0.005396036
1304,0.005397678
1305,0.005400962
1306,0.005402605
1307,0.005404796
1308,0.00540918
1309,0.005410824
1310,0.005411921
1311,0.005414114
1312,0.005417406
1313,0.005419602
1314,0.005421798
1315,0.005424545
1316,0.005426745
1317,0.005430047
1318,0.00543225
1319,0.005433903
1320,0.005435005
1321,0.005435556
1322,0.005437209
1323,0.005439966
1324,0.005442723
1325,0.005444378
1326,0.005447137
1327,0.005451001
1328,0.005452106
1329,0.005453764
1330,0.005455422
1331,0.005457633
1332,0.005458739
1333,0.005460951
1334,0.005462058
1335,0.005463718
1336,0.005464272
1337,0.005464825
1338,0.005464825
1339,0.005468148
1340,0.005469255
1341,0.005470918
1342,0.005470918
1343,0.00547369
1344,0.005475355
1345,0.005477575
1346,0.005479796
1347,0.005482017
1348,0.005483684
1349,0.005485906
1350,0.005487573
1351,0.005489241
1352,0.005491464
1353,0.005494802
1354,0.005496471
1355,0.005498141
1356,0.005498698
1357,0.005499811
1358,0.005500925
1359,0.005502597
1360,0.005503154
1361,0.005504825
1362,0.005507054
1363,0.005508727
1364,0.005512072
1365,0.005513188
1366,0.005513746
1367,0.00551542
1368,0.005518211
1369,0.005520446
1370,0.005522123
1371,0.0055238
1372,0.005525477
1373,0.005526596
1374,0.005529393
1375,0.00553275
1376,0.005535548
1377,0.005537227
1378,0.005538907
1379,0.005541147
1380,0.005542267
1381,0.005543387
1382,0.005544508
1383,0.005548433
1384,0.005549555
1385,0.005550116
1386,0.005555726
1387,0.005556287
1388,0.005557971
1389,0.005560217
1390,0.005562462
1391,0.005564709
1392,0.005566956
1393,0.005569204
1394,0.005570891
1395,0.005572579
1396,0.005574829
1397,0.005576517
1398,0.005577643
1399,0.005579332
1400,0.005581585
1401,0.005582712
1402,0.005583839
1403,0.00558553
1404,0.005586657
1405,0.005586657
1406,0.005590042
1407,0.005592862
1408,0.005593991
1409,0.005596248
1410,0.005597377
1411,0.005599635
1412,0.005601329
1413,0.005601893
1414,0.005604719
1415,0.005606414
1416,0.005608675
1417,0.005609241
1418,0.005611503
1419,0.005612069
1420,0.005613766
1421,0.005617728
1422,0.005619426
1423,0.005621124
1424,0.005622257
1425,0.005626224
1426,0.005627357
1427,0.005629058
1428,0.005631326
1429,0.005633595
1430,0.005633595
1431,0.005634729
1432,0.005636432
1433,0.005637567
1434,0.005639271
1435,0.005642112
1436,0.005643248
1437,0.005644953
1438,0.005646659
1439,0.005647796
1440,0.005649502
1441,0.005652347
1442,0.005655194
1443,0.005655763
1444,0.005659181
1445,0.00566032
1446,0.005663169
1447,0.00566602
1448,0.00566659
1449,0.005667731
1450,0.005668301
1451,0.005671154
1452,0.005671154
1453,0.005672295
1454,0.005675719
1455,0.005676861
1456,0.005678003
1457,0.005680859
1458,0.005682001
1459,0.005684287
1460,0.00568543
1461,0.00568543
1462,0.005687145
1463,0.005690577
1464,0.005691722
1465,0.00569401
1466,0.005695728
1467,0.00569859
1468,0.005702026
1469,0.005702026
1470,0.005702599
1471,0.005702599
1472,0.005703745
1473,0.005706036
1474,0.005707756
1475,0.005708329
1476,0.005708903
1477,0.005710051
1478,0.005710624
1479,0.005710624
1480,0.00571292
1481,0.005714642
1482,0.005716364
1483,0.005717513
1484,0.005718087
1485,0.00571981
1486,0.005720959
1487,0.005723257
1488,0.005723832
1489,0.005724407
1490,0.005726132
1491,0.005726707
1492,0.005729008
1493,0.005730158
1494,0.005731309
1495,0.005733612
1496,0.005735915
1497,0.00573822
1498,0.005741102
1499,0.005743985
1500,0.005746292
1501,0.005749178
1502,0.005749178
1503,0.005750332
1504,0.005752065
1505,0.005752065
1506,0.005754376
1507,0.005755532
1508,0.00575611
1509,0.005757844
1510,0.005759578
1511,0.005763049
1512,0.005764785
1513,0.005766522
1514,0.005768839
1515,0.005771158
1516,0.005772317
1517,0.005774057
1518,0.005776377
1519,0.005777537
1520,0.005779278
1521,0.005781601
1522,0.005782762
1523,0.005784506
1524,0.005786249
1525,0.005787993
1526,0.005788574
1527,0.005789737
1528,0.0057909
1529,0.005793226
1530,0.005793808
1531,0.00579439
1532,0.005795554
1533,0.005797883
1534,0.005797883
1535,0.005800796
1536,0.005801378
1537,0.005802543
1538,0.005804874
1539,0.005806039
1540,0.005808954
1541,0.005811287
1542,0.005812453
1543,0.005813037
1544,0.00581537
1545,0.00581537
1546,0.005815954
1547,0.005817705
1548,0.005818873
1549,0.005819457
1550,0.005821793
1551,0.005822377
1552,0.00582413
1553,0.005826469
1554,0.005827053
1555,0.005828223
1556,0.005832317
1557,0.005835242
1558,0.005838754
1559,0.00584168
1560,0.005842851
1561,0.005843437
1562,0.005845194
1563,0.00584578
1564,0.005847537
1565,0.00584871
1566,0.005849296
1567,0.005851642
1568,0.005853402
1569,0.005854575
1570,0.005856923
1571,0.005858097
1572,0.005859271
1573,0.005859858
1574,0.005862207
1575,0.005863382
1576,0.005864557
1577,0.005865732
1578,0.005866908
1579,0.005868084
1580,0.005869849
1581,0.005871614
1582,0.00587279
1583,0.005875144
1584,0.005879264
1585,0.005881619
1586,0.005882797
1587,0.005885743
1588,0.005886332
1589,0.005887511
1590,0.00588869
1591,0.005891637
1592,0.005892226
1593,0.005892226
1594,0.005892226
1595,0.005893406
1596,0.005893996
1597,0.005895176
1598,0.005896946
1599,0.005899307
1600,0.005900488
1601,0.005901079
1602,0.00590285
1603,0.005904032
1604,0.005904032
1605,0.005904623
1606,0.005906987
1607,0.005907578
1608,0.005907578
1609,0.00590876
1610,0.00590876
1611,0.005909351
1612,0.005911125
1613,0.005911716
1614,0.005912308
1615,0.00591349
1616,0.005917039
1617,0.005918222
1618,0.005919406
1619,0.005919998
1620,0.005922366
1621,0.005925327
1622,0.005927104
1623,0.005927697
1624,0.005928883
1625,0.005930662
1626,0.005931255
1627,0.005933036
1628,0.005933629
1629,0.005934223
1630,0.005935411
1631,0.005937193
1632,0.005938381
1633,0.005939569
1634,0.005939569
1635,0.005941947
1636,0.005943731
1637,0.005946704
1638,0.005949678
1639,0.005952058
1640,0.005953249
1641,0.00595444
1642,0.005955631
1643,0.005956823
1644,0.005958611
1645,0.005959207
1646,0.005960995
1647,0.005960995
1648,0.005960995
1649,0.005962784
1650,0.005963381
1651,0.00596517
1652,0.005966961
1653,0.005969946
1654,0.00597114
1655,0.005971738
1656,0.005974127
1657,0.005974725
1658,0.005975323
1659,0.005976518
1660,0.005979508
1661,0.005980705
1662,0.0059831
1663,0.005984896
1664,0.005986095
1665,0.005987293
1666,0.005989091
1667,0.005989691
1668,0.00599149
1669,0.005992689
1670,0.005993889
1671,0.00599509
1672,0.00599629
1673,0.005998091
1674,0.006001095
1675,0.006003499
1676,0.006004701
1677,0.006007707
1678,0.006008909
1679,0.006009511
1680,0.006010113
1681,0.006011316
1682,0.006011316
1683,0.006015531
1684,0.006015531
1685,0.006016134
1686,0.006017339
1687,0.006018544
1688,0.006020955
1689,0.006021558
1690,0.006025778
1691,0.006027587
1692,0.006028794
1693,0.006030604
1694,0.006032414
1695,0.006032414
1696,0.006034829
1697,0.006037244
1698,0.006039056
1699,0.006043287
1700,0.006043891
1701,0.006043891
1702,0.006046915
1703,0.006049335
1704,0.006054783
1705,0.006055389
1706,0.006055389
1707,0.006055389
1708,0.006058417
1709,0.006059023
1710,0.006059023
1711,0.006060235
1712,0.006060841
1713,0.006063266
1714,0.006064478
1715,0.006064478
1716,0.006065691
1717,0.006068118
1718,0.006069332
1719,0.006071153
1720,0.006072974
1721,0.006075402
1722,0.006076616
1723,0.006078438
1724,0.006081474
1725,0.006081474
1726,0.006082689
1727,0.006084513
1728,0.00608512
1729,0.006085728
1730,0.006086945
1731,0.00608877
1732,0.006089378
1733,0.006089987
1734,0.006091204
1735,0.006091813
1736,0.006092421
1737,0.006092421
1738,0.006093031
1739,0.006093031
1740,0.00609425
1741,0.006094859
1742,0.006096688
1743,0.006098518
1744,0.006099738
1745,0.006100959
1746,0.006101569
1747,0.00610218
1748,0.00610218
1749,0.006103401
1750,0.006104011
1751,0.006106454
1752,0.006109509
1753,0.006110732
1754,0.006111955
1755,0.006112567
1756,0.006113178
1757,0.006115014
1758,0.006115014
1759,0.006116851
1760,0.006118687
1761,0.006119912
1762,0.006122976
1763,0.006122976
1764,0.006125427
1765,0.006126041
1766,0.006126041
1767,0.006126041
1768,0.006127267
1769,0.006129107
1770,0.00612972
1771,0.006130947
1772,0.006132787
1773,0.006134015
1774,0.006134628
1775,0.006134628
1776,0.006135242
1777,0.006137698
1778,0.006138312
1779,0.006139541
1780,0.006139541
1781,0.006141385
1782,0.006141385
1783,0.006142
1784,0.006143844
1785,0.00614692
1786,0.006147535
1787,0.006148766
1788,0.006149382
1789,0.006149997
1790,0.006149997
1791,0.006153077
1792,0.006153693
1793,0.006154925
1794,0.006157391
1795,0.006157391
1796,0.006158008
1797,0.006158625
1798,0.006159242
1799,0.006161093
1800,0.006162327
1801,0.006165414
1802,0.006166031
1803,0.006168501
1804,0.006169119
1805,0.006170355
1806,0.00617221
1807,0.006173447
1808,0.006174065
1809,0.006175922
1810,0.006175922
1811,0.00617716
1812,0.006179018
1813,0.006179018
1814,0.006180257
1815,0.006180877
1816,0.006182736
1817,0.006184596
1818,0.006186456
1819,0.006188317
1820,0.006189558
1821,0.0061908
1822,0.006192042
1823,0.006193284
1824,0.006193906
1825,0.006194527