hazard,time
8.28453E-07,0
1.43108E-06,1
2.41069E-06,2
3.84317E-06,3
4.89914E-06,4
7.16345E-06,5
9.50533E-06,6
1.25302E-05,7
1.67712E-05,8
2.00325E-05,9
2.43614E-05,10
2.74028E-05,11
3.12862E-05,12
3.61683E-05,13
3.95299E-05,14
4.48885E-05,15
5.026E-05,16
5.50276E-05,17
6.06538E-05,18
6.6603E-05,19
7.32638E-05,20
7.96307E-05,21
8.68711E-05,22
9.1632E-05,23
9.72633E-05,24
0.0001033,25
0.000110218,26
0.00011613,27
0.000122453,28
0.000129506,29
0.00013491,30
0.000141604,31
0.000147357,32
0.000155048,33
0.000161797,34
0.000168002,35
0.000173576,36
0.000180459,37
0.000186791,38
0.00019371,39
0.000201632,40
0.000209742,41
0.00021656,42
0.000222903,43
0.000229179,44
0.000236301,45
0.000242697,46
0.000249525,47
0.000257459,48
0.000264916,49
0.000271891,50
0.000278635,51
0.000285735,52
0.000292854,53
0.000299823,54
0.000307238,55
0.000314675,56
0.000321964,57
0.000328068,58
0.000335479,59
0.000341525,60
0.000347671,61
0.000353483,62
0.000359917,63
0.000366454,64
0.000372307,65
0.000378961,66
0.000384313,67
0.000389235,68
0.000396637,69
0.000402733,70
0.000408754,71
0.000414879,72
0.000422,73
0.000429766,74
0.000437917,75
0.000445286,76
0.000451865,77
0.000458097,78
0.000464525,79
0.000471061,80
0.000477433,81
0.000482543,82
0.00048867,83
0.000495362,84
0.00050152,85
0.000507417,86
0.000512681,87
0.000518972,88
0.000525185,89
0.000532249,90
0.000537092,91
0.000545307,92
0.000552608,93
0.00055805,94
0.000564914,95
0.00057123,96
0.000578033,97
0.000582766,98
0.000588929,99
0.000594915,100
0.000599962,101
0.000606644,102
0.000610948,103
0.000617274,104
0.000622943,105
0.000628337,106
0.000634321,107
0.000639156,108
0.000646716,109
0.000652644,110
0.000657514,111
0.000663369,112
0.000669821,113
0.000674522,114
0.000680704,115
0.000686308,116
0.000691827,117
0.000697356,118
0.000703688,119
0.000708844,120
0.000715302,121
0.000719983,122
0.000725869,123
0.000730666,124
0.000736973,125
0.000743293,126
0.000749123,127
0.00075446,128
0.000759604,129
0.000766476,130
0.000772248,131
0.000778945,132
0.000783927,133
0.000790549,134
0.000796164,135
0.000801584,136
0.000808552,137
0.000815228,138
0.000821197,139
0.00082821,140
0.000832756,141
0.000839382,142
0.000844986,143
0.000850497,144
0.000855184,145
0.000860507,146
0.00086542,147
0.000871492,148
0.0008781,149
0.000883881,150
0.000889885,151
0.000895057,152
0.000902037,153
0.000906593,154
0.00091296,155
0.000917957,156
0.00092435,157
0.000930545,158
0.000934292,159
0.00094083,160
0.000946629,161
0.000952979,162
0.000958803,163
0.000964641,164
0.000971357,165
0.000978086,166
0.000985699,167
0.00099213,168
0.000996935,169
0.001003499,170
0.00100876,171
0.00101381,172
0.001018097,173
0.001023382,174
0.001029451,175
0.001033872,176
0.001039405,177
0.001046389,178
0.00105161,179
0.001056504,180
0.001061517,181
0.001065981,182
0.001071793,183
0.001077056,184
0.00108188,185
0.001088512,186
0.00109403,187
0.00109888,188
0.001106,189
0.001112796,190
0.001117789,191
0.001124041,192
0.001130079,193
0.001135329,194
0.001140703,195
0.001145169,196
0.001151938,197
0.0011593,198
0.001164141,199
0.001168643,200
0.001173614,201
0.001179519,202
0.001184388,203
0.001189613,204
0.001195078,205
0.001201835,206
0.00120732,207
0.001212698,208
0.001218672,209
0.001224187,210
0.001229359,211
0.001234422,212
0.001240083,213
0.00124528,214
0.001250604,215
0.00125475,216
0.00126092,217
0.001266268,218
0.001270672,219
0.001276634,220
0.001282608,221
0.001290031,222
0.00129615,223
0.001301438,224
0.001308301,225
0.001314092,226
0.001320259,227
0.001325953,228
0.001332385,229
0.001338223,230
0.001344316,231
0.001350909,232
0.001356903,233
0.001363396,234
0.001369533,235
0.001374572,236
0.001380112,237
0.001385291,238
0.001389984,239
0.001395055,240
0.001399142,241
0.001405962,242
0.001412173,243
0.0014169,244
0.001422632,245
0.00142775,246
0.001433003,247
0.001439015,248
0.001445286,249
0.001449807,250
0.001455843,251
0.00146189,252
0.001467444,253
0.001472628,254
0.001478959,255
0.001485173,256
0.00149127,257
0.001497505,258
0.001505408,259
0.001510133,260
0.001517041,261
0.001523065,262
0.001527942,263
0.001533338,264
0.001539,265
0.001544929,266
0.001550223,267
0.001555395,268
0.00156187,269
0.001568744,270
0.00157355,271
0.001579404,272
0.001583963,273
0.001590747,274
0.001594927,275
0.00160029,276
0.001605529,277
0.001610515,278
0.001617743,279
0.001624192,280
0.00163052,281
0.001635538,282
0.001641094,283
0.001647056,284
0.001653028,285
0.001659408,286
0.001664465,287
0.001670596,288
0.001676471,289
0.001683157,290
0.001688917,291
0.001694014,292
0.001699925,293
0.001705172,294
0.001710967,295
0.0017165,296
0.001722446,297
0.001727725,298
0.001732605,299
0.001737491,300
0.001743607,301
0.001749462,302
0.001754506,303
0.00175942,304
0.00176571,305
0.001770228,306
0.001777221,307
0.001782026,308
0.001788074,309
0.001793304,310
0.001800198,311
0.001806137,312
0.001812918,313
0.001819018,314
0.001824852,315
0.001831531,316
0.001836129,317
0.001841012,318
0.001847159,319
0.001852056,320
0.00185738,321
0.001863834,322
0.001871704,323
0.001877053,324
0.001880718,325
0.00188594,326
0.001892158,327
0.001896829,328
0.001901365,329
0.001905764,330
0.001910452,331
0.001916002,332
0.001920278,333
0.001926129,334
0.001931131,335
0.001935995,336
0.001941438,337
0.001946172,338
0.001951055,339
0.001956233,340
0.001961707,341
0.001967479,342
0.001971381,343
0.001975576,344
0.001981514,345
0.001988766,346
0.001993704,347
0.001999522,348
0.00200564,349
0.002009724,350
0.002015566,351
0.002022293,352
0.002027711,353
0.002031962,354
0.002036364,355
0.00204283,356
0.002048422,357
0.002053581,358
0.002058601,359
0.002064516,360
0.002068514,361
0.002074594,362
0.002080832,363
0.002086337,364
0.002092444,365
0.002096919,366
0.002102299,367
0.002107992,368
0.002111743,369
0.002116549,370
0.002121213,371
0.00212649,372
0.002131926,373
0.002137676,374
0.002142374,375
0.002145712,376
0.002151483,377
0.002157113,378
0.002163059,379
0.002168864,380
0.00217499,381
0.002181282,382
0.002188197,383
0.002194047,384
0.002199599,385
0.002204388,386
0.002208724,387
0.002213531,388
0.002218813,389
0.002225813,390
0.002230019,391
0.002235481,392
0.002240483,393
0.002245338,394
0.002250046,395
0.002255704,396
0.002260111,397
0.002264366,398
0.002270207,399
0.002275582,400
0.002279542,401
0.002286684,402
0.002293209,403
0.002299424,404
0.002304849,405
0.002308526,406
0.002314774,407
0.002320712,408
0.002326019,409
0.002331498,410
0.002337308,411
0.002342967,412
0.002347663,413
0.002353501,414
0.002356101,415
0.002361794,416
0.002367334,417
0.002372067,418
0.002376806,419
0.002383681,420
0.00238975,421
0.002393694,422
0.002398467,423
0.002403743,424
0.002409189,425
0.002414973,426
0.002419112,427
0.002424587,428
0.002429076,429
0.002435239,430
0.002441583,431
0.002446766,432
0.002450785,433
0.00245716,434
0.002462706,435
0.002466915,436
0.002471636,437
0.002477383,438
0.002483307,439
0.002490427,440
0.002494334,441
0.002499097,442
0.002503527,443
0.002509332,444
0.002514293,445
0.002520118,446
0.002524406,447
0.00252956,448
0.002533862,449
0.002541616,450
0.002546969,451
0.00255164,452
0.002557703,453
0.002562039,454
0.002567251,455
0.002573166,456
0.002577874,457
0.002582417,458
0.002588019,459
0.002593628,460
0.002597488,461
0.002601179,462
0.002604523,463
0.002609458,464
0.002612813,465
0.002618825,466
0.002625021,467
0.002629986,468
0.002635492,469
0.002642433,470
0.002647959,471
0.002653497,472
0.002657436,473
0.002661198,474
0.002668731,475
0.00267322,476
0.002677175,477
0.002682939,478
0.002686727,479
0.002691605,480
0.002695583,481
0.002701015,482
0.002706821,483
0.002711546,484
0.00271646,485
0.002722112,486
0.002726497,487
0.002731251,488
0.002736012,489
0.002739862,490
0.002745922,491
0.002751443,492
0.002755684,493
0.002760302,494
0.002764555,495
0.002771035,496
0.00277567,497
0.002780125,498
0.002785144,499
0.002789052,500
0.002792592,501
0.002798747,502
0.002803789,503
0.002809026,504
0.002815017,505
0.002818581,506
0.002823467,507
0.002828362,508
0.002834016,509
0.002838168,510
0.002842514,511
0.002846678,512
0.002852178,513
0.002858068,514
0.002864541,515
0.002868734,516
0.002873886,517
0.002877899,518
0.002883447,519
0.002886895,520
0.002892457,521
0.002897069,522
0.002901494,523
0.002905345,524
0.002911515,525
0.002917116,526
0.002922145,527
0.002926989,528
0.002932421,529
0.002938056,530
0.002941558,531
0.002946624,532
0.002951696,533
0.002955604,534
0.002960887,535
0.002966767,536
0.002971673,537
0.00297619,538
0.002982284,539
0.002986812,540
0.002991939,541
0.002997075,542
0.003000833,543
0.003004991,544
0.003009747,545
0.003014908,546
0.003019281,547
0.00302366,548
0.003027247,549
0.003031237,550
0.003036027,551
0.00304202,552
0.003046422,553
0.003049827,554
0.00305625,555
0.003058661,556
0.00306591,557
0.003072162,558
0.003077817,559
0.003083484,560
0.003086931,561
0.003092616,562
0.00309709,563
0.003103406,564
0.003108711,565
0.003113818,566
0.003117909,567
0.003123032,568
0.003128574,569
0.003133303,570
0.003136597,571
0.003139893,572
0.003143812,573
0.003148975,574
0.003155178,575
0.003160773,576
0.003163471,577
0.003166794,578
0.003170537,579
0.0031747,580
0.003178868,581
0.003181788,582
0.003185548,583
0.003189103,584
0.00319392,585
0.003197483,586
0.003203149,587
0.003209668,588
0.003215567,589
0.003219789,590
0.003222747,591
0.003227826,592
0.003232486,593
0.00323715,594
0.003241396,595
0.003246926,596
0.003253101,597
0.003257154,598
0.003262923,599
0.003267415,600
0.003271912,601
0.003277064,602
0.003280291,603
0.003288484,604
0.003292804,605
0.003297777,606
0.00330254,607
0.003306007,608
0.003311215,609
0.003317519,610
0.003321437,611
0.003324487,612
0.003327978,613
0.003333217,614
0.003338025,615
0.003342619,616
0.003347,617
0.003351168,618
0.003356881,619
0.003363927,620
0.003368556,621
0.003374515,622
0.003378272,623
0.003385576,624
0.003389125,625
0.003394902,626
0.003399576,627
0.003403808,628
0.003408938,629
0.003413628,630
0.003418323,631
0.003422129,632
0.003427961,633
0.003431331,634
0.003435828,635
0.003439654,636
0.003445966,637
0.003450256,638
0.00345523,639
0.003460665,640
0.003466338,641
0.003470426,642
0.003474292,643
0.003477936,644
0.003482955,645
0.003487527,646
0.003490274,647
0.003493254,648
0.003498301,649
0.003501287,650
0.003505429,651
0.003509577,652
0.003514426,653
0.003518588,654
0.003523684,655
0.003528089,656
0.003532732,657
0.003536917,658
0.003540643,659
0.003543906,660
0.003549044,661
0.00355349,662
0.003559347,663
0.003564508,664
0.003568267,665
0.00357062,666
0.003575096,667
0.003579344,668
0.003583601,669
0.003588096,670
0.003590938,671
0.003595443,672
0.003598054,673
0.003602334,674
0.003607811,675
0.003612581,676
0.003618311,677
0.003623092,678
0.003626443,679
0.003629798,680
0.003633639,681
0.003638687,682
0.003643022,683
0.003646878,684
0.003652187,685
0.003656534,686
0.003659678,687
0.003664764,688
0.003669374,689
0.003673505,690
0.00367691,691
0.003681535,692
0.003684948,693
0.003688856,694
0.0036935,695
0.00369668,696
0.003700106,697
0.003704025,698
0.003708926,699
0.00371138,700
0.003716293,701
0.003720228,702
0.003724169,703
0.003728115,704
0.003732311,705
0.003734781,706
0.003740962,707
0.003744923,708
0.003749136,709
0.0037541,710
0.003757581,711
0.003762806,712
0.003767288,713
0.003771527,714
0.003774522,715
0.00377777,716
0.003782523,717
0.003785779,718
0.003791043,719
0.00379556,720
0.003799578,721
0.003805111,722
0.003809643,723
0.003814937,724
0.00381923,725
0.003824791,726
0.003830358,727
0.003834919,728
0.003838978,729
0.003844824,730
0.003849912,731
0.003854501,732
0.003858837,733
0.003862668,734
0.003865226,735
0.003867531,736
0.003872147,737
0.003876511,738
0.003880625,739
0.00388397,740
0.003887317,741
0.003892992,742
0.003896093,743
0.003900753,744
0.003907235,745
0.003910612,746
0.003915291,747
0.003918672,748
0.003922056,749
0.003926227,750
0.003931188,751
0.003934849,752
0.003938778,753
0.00394271,754
0.003945596,755
0.003950063,756
0.003955064,757
0.003960077,758
0.003964041,759
0.003968277,760
0.003972252,761
0.003974374,762
0.003977294,763
0.003981812,764
0.003986336,765
0.0039898,766
0.003993537,767
0.003998612,768
0.004002355,769
0.004007173,770
0.004011462,771
0.004013877,772
0.004018446,773
0.004022487,774
0.004028147,775
0.004034354,776
0.004040572,777
0.00404328,778
0.004048163,779
0.00405088,780
0.004055232,781
0.004060133,782
0.004064494,783
0.004068043,784
0.00407023,785
0.004072145,786
0.004074612,787
0.004079553,788
0.004083398,789
0.004086973,790
0.004091103,791
0.004095241,792
0.004098005,793
0.004099942,794
0.004103544,795
0.004109644,796
0.004113254,797
0.004116589,798
0.00411965,799
0.004124945,800
0.004127737,801
0.00413137,802
0.004136406,803
0.004139485,804
0.00414341,805
0.004146777,806
0.004149588,807
0.004151558,808
0.004155785,809
0.004158886,810
0.004161988,811
0.004167071,812
0.004171313,813
0.004174145,814
0.004176696,815
0.004180668,816
0.004184073,817
0.004189186,818
0.004194589,819
0.004196867,820
0.004199716,821
0.004203425,822
0.004208853,823
0.004213429,824
0.004218009,825
0.00422231,826
0.004224607,827
0.004226617,828
0.004228628,829
0.004232365,830
0.004236679,831
0.004240133,832
0.004243877,833
0.004247049,834
0.004249936,835
0.004252249,836
0.004256883,837
0.004260942,838
0.004264424,839
0.00426791,840
0.004272562,841
0.004276056,842
0.004281596,843
0.0042851,844
0.004289191,845
0.004293872,846
0.00429768,847
0.004303842,848
0.004307956,849
0.004313256,850
0.004318268,851
0.004322104,852
0.004327125,853
0.004330377,854
0.004334224,855
0.004339558,856
0.004342821,857
0.004348765,858
0.004353822,859
0.004357693,860
0.004360673,861
0.004364253,862
0.004368136,863
0.004371127,864
0.004376523,865
0.004379525,866
0.004381927,867
0.004386435,868
0.004390948,869
0.004393356,870
0.00439848,871
0.004403005,872
0.004409346,873
0.004412369,874
0.004415697,875
0.004419634,876
0.004423879,877
0.004426309,878
0.004428133,879
0.004431782,880
0.004436652,881
0.004439091,882
0.004443666,883
0.004447639,884
0.00445131,885
0.004455906,886
0.004461425,887
0.004466027,888
0.004468177,889
0.004471559,890
0.004474637,891
0.004476793,892
0.004480801,893
0.004485739,894
0.00449099,895
0.004493774,896
0.004495941,897
0.00449997,898
0.004504935,899
0.004507731,900
0.004511461,901
0.00451675,902
0.004520176,903
0.004523919,904
0.00452798,905
0.004532675,906
0.00453581,907
0.004539575,908
0.004543655,909
0.00454837,910
0.004552463,911
0.004556248,912
0.004558459,913
0.004561305,914
0.004567001,915
0.004570802,916
0.004575878,917
0.004580965,918
0.004584784,919
0.004591478,920
0.004594671,921
0.004598185,922
0.004602341,923
0.004605221,924
0.004607142,925
0.004610348,926
0.004612916,927
0.004616452,928
0.00462192,929
0.004625138,930
0.004630294,931
0.004634814,932
0.004637722,933
0.004642573,934
0.004646134,935
0.004649699,936
0.004653266,937
0.004656838,938
0.004660415,939
0.004665295,940
0.004667901,941
0.004671489,942
0.004675079,943
0.004677692,944
0.004681941,945
0.004685868,946
0.004689473,947
0.0046921,948
0.004697361,949
0.004699992,950
0.004702955,951
0.004707241,952
0.004710876,953
0.004715177,954
0.004718155,955
0.004720806,956
0.004723788,957
0.004728764,958
0.004733082,959
0.004736074,960
0.0047414,961
0.004744734,962
0.004749076,963
0.004751749,964
0.004755092,965
0.0047571,966
0.004762462,967
0.004765817,968
0.004769512,969
0.004773546,970
0.004777919,971
0.004780275,972
0.004784317,973
0.004786677,974
0.004791065,975
0.004794782,976
0.004799518,977
0.004802226,978
0.004805273,979
0.00480934,980
0.004813074,981
0.004817152,982
0.004820896,983
0.004824989,984
0.004828062,985
0.004831479,986
0.004835927,987
0.004837983,988
0.004840382,989
0.004843472,990
0.004846568,991
0.004850354,992
0.004853453,993
0.004855866,994
0.004859317,995
0.004862774,996
0.00486658,997
0.004870393,998
0.004874208,999
0.004879762,1000
0.004882543,1001
0.004885677,1002
0.004888118,1003
0.004891609,1004
0.004894055,1005
0.004898602,1006
0.0049021,1007
0.004905254,1008
0.004906307,1009
0.004909117,1010
0.004911579,1011
0.004915805,1012
0.004917568,1013
0.004920742,1014
0.004924627,1015
0.004929577,1016
0.004932055,1017
0.004934537,1018
0.004935602,1019
0.00493951,1020
0.00494342,1021
0.004945912,1022
0.004950188,1023
0.004954113,1024
0.004955542,1025
0.004959835,1026
0.004961982,1027
0.004965564,1028
0.004969865,1029
0.004972736,1030
0.00497561,1031
0.004979567,1032
0.004985333,1033
0.004988578,1034
0.004991104,1035
0.004993632,1036
0.004997246,1037
0.00500231,1038
0.005006656,1039
0.005009194,1040
0.005010644,1041
0.005016088,1042
0.005018632,1043
0.005022999,1044
0.00502555,1045
0.005027373,1046
0.005029564,1047
0.005032486,1048
0.005036139,1049
0.005039063,1050
0.005042719,1051
0.005048575,1052
0.005052606,1053
0.005059578,1054
0.005063984,1055
0.005068395,1056
0.005073549,1057
0.005077973,1058
0.005081664,1059
0.005085728,1060
0.005090168,1061
0.005092759,1062
0.005094981,1063
0.005100172,1064
0.005103883,1065
0.005109457,1066
0.005112806,1067
0.005115787,1068
0.005119886,1069
0.005121377,1070
0.005123988,1071
0.005126975,1072
0.005131837,1073
0.005134083,1074
0.005136332,1075
0.005140082,1076
0.005143084,1077
0.005145339,1078
0.005148347,1079
0.005152865,1080
0.005157389,1081
0.005160789,1082
0.005164193,1083
0.005168735,1084
0.005172526,1085
0.005175943,1086
0.005177843,1087
0.005180125,1088
0.00518317,1089
0.005186217,1090
0.005189266,1091
0.005194225,1092
0.005197663,1093
0.005200721,1094
0.005203784,1095
0.005207617,1096
0.005210685,1097
0.005215291,1098
0.00521875,1099
0.00522106,1100
0.005223758,1101
0.005229163,1102
0.00523573,1103
0.005237276,1104
0.00524037,1105
0.005245405,1106
0.005247732,1107
0.005251614,1108
0.005255503,1109
0.005257451,1110
0.005259789,1111
0.005262519,1112
0.005264862,1113
0.005268775,1114
0.005273088,1115
0.005277016,1116
0.005282132,1117
0.005286856,1118
0.005289615,1119
0.005293562,1120
0.005295933,1121
0.005297912,1122
0.005304252,1123
0.005309808,1124
0.005312985,1125
0.005315369,1126
0.005317359,1127
0.005319352,1128
0.005321747,1129
0.005325745,1130
0.005329349,1131
0.005331752,1132
0.005336162,1133
0.005339373,1134
0.005342989,1135
0.005345001,1136
0.005348628,1137
0.005351048,1138
0.005353873,1139
0.005357103,1140
0.005359124,1141
0.005362765,1142
0.005365601,1143
0.005368847,1144
0.005373317,1145
0.005374944,1146
0.005378198,1147
0.005380643,1148
0.005383091,1149
0.005386766,1150
0.005388811,1151
0.005391266,1152
0.005392494,1153
0.005395361,1154
0.005400281,1155
0.005403565,1156
0.005406031,1157
0.00540809,1158
0.005412626,1159
0.005415101,1160
0.00542047,1161
0.005423778,1162
0.005427089,1163
0.005429988,1164
0.005433307,1165
0.005436216,1166
0.005440374,1167
0.005442871,1168
0.005447454,1169
0.005449124,1170
0.005453305,1171
0.005457074,1172
0.00545917,1173
0.005460848,1174
0.005464624,1175
0.005468824,1176
0.005471768,1177
0.005474717,1178
0.005478936,1179
0.005482735,1180
0.005486959,1181
0.005490763,1182
0.005492878,1183
0.005496685,1184
0.005497955,1185
0.005499649,1186
0.005503463,1187
0.005505583,1188
0.005508129,1189
0.005511101,1190
0.005514079,1191
0.005515357,1192
0.005522184,1193
0.005524748,1194
0.005529025,1195
0.00553202,1196
0.00553459,1197
0.005537162,1198
0.005540167,1199
0.005543606,1200
0.005547909,1201
0.005551783,1202
0.005554367,1203
0.005557817,1204
0.005562568,1205
0.005565163,1206
0.005568627,1207
0.005570361,1208
0.00557383,1209
0.005576434,1210
0.005578172,1211
0.005580782,1212
0.005583393,1213
0.005586007,1214
0.005592112,1215
0.005595604,1216
0.005600843,1217
0.005602155,1218
0.005603468,1219
0.005607411,1220
0.005610483,1221
0.005614438,1222
0.005618833,1223
0.005621913,1224
0.005624555,1225
0.005627201,1226
0.005632057,1227
0.005635153,1228
0.005639138,1229
0.005642239,1230
0.005646228,1231
0.005648891,1232
0.005651113,1233
0.005654228,1234
0.005655563,1235
0.005657345,1236
0.005659127,1237
0.005661356,1238
0.005665372,1239
0.005666266,1240
0.005668055,1241
0.005670294,1242
0.005674332,1243
0.005678822,1244
0.005682417,1245
0.005686017,1246
0.005691875,1247
0.005695033,1248
0.005696839,1249
0.005701815,1250
0.005704531,1251
0.005709971,1252
0.005712695,1253
0.005717239,1254
0.005719513,1255
0.005722246,1256
0.005726804,1257
0.005731366,1258
0.005733648,1259
0.005737304,1260
0.005740965,1261
0.005743254,1262
0.005744172,1263
0.005746011,1264
0.005748769,1265
0.005751069,1266
0.005753832,1267
0.005757058,1268
0.005759364,1269
0.005763522,1270
0.005764447,1271
0.005766761,1272
0.005769077,1273
0.005771858,1274
0.005776499,1275
0.005779289,1276
0.005781151,1277
0.005785813,1278
0.005788145,1279
0.005791878,1280
0.00579515,1281
0.005798892,1282
0.005803109,1283
0.005806394,1284
0.005809213,1285
0.005813445,1286
0.005815327,1287
0.005818625,1288
0.005822872,1289
0.005823344,1290
0.005826181,1291
0.005828548,1292
0.005831389,1293
0.005834231,1294
0.005839923,1295
0.005842297,1296
0.005846102,1297
0.005848485,1298
0.005852301,1299
0.005855166,1300
0.0058566,1301
0.005858992,1302
0.005860908,1303
0.005863306,1304
0.005865225,1305
0.005868106,1306
0.005872429,1307
0.005876276,1308
0.005876757,1309
0.005879167,1310
0.005884958,1311
0.005886408,1312
0.005887859,1313
0.005891731,1314
0.005894636,1315
0.00589803,1316
0.005903372,1317
0.005905804,1318
0.005907752,1319
0.005911164,1320
0.005915553,1321
0.005918481,1322
0.005921413,1323
0.005924347,1324
0.005926795,1325
0.005930229,1326
0.005932194,1327
0.005936124,1328
0.005939565,1329
0.005941534,1330
0.005947448,1331
0.005949917,1332
0.005952388,1333
0.005954863,1334
0.005958328,1335
0.005961795,1336
0.005964767,1337
0.00596675,1338
0.005969229,1339
0.005972206,1340
0.005975186,1341
0.00597767,1342
0.005979659,1343
0.00598165,1344
0.005986135,1345
0.005989629,1346
0.005991628,1347
0.00599413,1348
0.005996133,1349
0.005998638,1350
0.00600215,1351
0.006004661,1352
0.006007175,1353
0.006010197,1354
0.006013728,1355
0.006017765,1356
0.006020795,1357
0.006022817,1358
0.006024842,1359
0.00602991,1360
0.006033972,1361
0.006039568,1362
0.006041603,1363
0.006043639,1364
0.006046698,1365
0.006049761,1366
0.006051805,1367
0.00605539,1368
0.006059493,1369
0.006062059,1370
0.006066681,1371
0.006069253,1372
0.006073887,1373
0.006076465,1374
0.006079565,1375
0.006083185,1376
0.006087843,1377
0.006090433,1378
0.006092508,1379
0.006096147,1380
0.006100834,1381
0.00610292,1382
0.006106053,1383
0.006107098,1384
0.006108666,1385
0.006111806,1386
0.00611495,1387
0.006118623,1388
0.006120725,1389
0.006124408,1390
0.006127567,1391
0.00613073,1392
0.006132313,1393
0.006136012,1394
0.006137599,1395
0.006138658,1396
0.006140781,1397
0.006141842,1398
0.006146092,1399
0.006150349,1400
0.006151948,1401
0.006155147,1402
0.006156749,1403
0.006159425,1404
0.00615996,1405
0.006163709,1406
0.006166927,1407
0.006169612,1408
0.006173375,1409
0.006179298,1410
0.006181455,1411
0.006184152,1412
0.00618685,1413
0.006190094,1414
0.006193346,1415
0.006196061,1416
0.006199324,1417
0.006202048,1418
0.006206409,1419
0.006209681,1420
0.006212956,1421
0.006216236,1422
0.006218426,1423
0.006221714,1424
0.006224459,1425
0.006225008,1426
0.006226655,1427
0.006231056,1428
0.006234911,1429
0.006239322,1430
0.006244841,1431
0.006248706,1432
0.006252574,1433
0.006254784,1434
0.006258101,1435
0.006263633,1436
0.006266955,1437
0.006269725,1438
0.006274719,1439
0.006278605,1440
0.006285275,1441
0.006288058,1442
0.006290844,1443
0.006295869,1444
0.006299784,1445
0.006305945,1446
0.006307065,1447
0.006308187,1448
0.006311554,1449
0.006315487,1450
0.006318863,1451
0.00632168,1452
0.006323938,1453
0.006327326,1454
0.006330716,1455
0.006332413,1456
0.006334111,1457
0.006337511,1458
0.006342053,1459
0.006346036,1460
0.006349452,1461
0.006351732,1462
0.006354013,1463
0.006355727,1464
0.006358587,1465
0.006359734,1466
0.006365473,1467
0.006367769,1468
0.006372365,1469
0.006375817,1470
0.006377547,1471
0.006379858,1472
0.006383909,1473
0.006389127,1474
0.006392029,1475
0.006396674,1476
0.006398419,1477
0.006401333,1478
0.006406003,1479
0.006408341,1480
0.006411856,1481
0.006415373,1482
0.00641772,1483
0.006421832,1484
0.00642301,1485
0.006425369,1486
0.00642596,1487
0.0064307,1488
0.006431885,1489
0.006435444,1490
0.006437821,1491
0.006440796,1492
0.006442584,1493
0.006444973,1494
0.00644916,1495
0.00645275,1496
0.006455146,1497
0.006459343,1498
0.006463546,1499
0.006467155,1500
0.006468963,1501
0.006471379,1502
0.0064744,1503
0.006476819,1504
0.006479241,1505
0.00648106,1506
0.006485309,1507
0.006489569,1508
0.006494447,1509
0.006498718,1510
0.00650299,1511
0.00650788,1512
0.006509717,1513
0.00651401,1514
0.006517696,1515
0.006521387,1516
0.006523849,1517
0.006525696,1518
0.00652693,1519
0.00652693,1520
0.006531256,1521
0.006534352,1522
0.00653807,1523
0.00654117,1524
0.006544272,1525
0.006545514,1526
0.006549864,1527
0.006552355,1528
0.006555474,1529
0.0065586,1530
0.006561102,1531
0.006563605,1532
0.006565485,1533
0.006567999,1534
0.006571147,1535
0.006575562,1536
0.006578719,1537
0.006584406,1538
0.006586935,1539
0.006588835,1540
0.006595177,1541
0.006597083,1542
0.00659963,1543
0.006606009,1544
0.006608561,1545
0.006612394,1546
0.006614954,1547
0.006621366,1548
0.00662265,1549
0.00662715,1550
0.006628436,1551
0.006631009,1552
0.006632941,1553
0.006637453,1554
0.006638099,1555
0.006641979,1556
0.006645864,1557
0.00664846,1558
0.006651706,1559
0.006654303,1560
0.006656904,1561
0.006659511,1562
0.006660163,1563
0.006664084,1564
0.006665393,1565
0.006669323,1566
0.006671944,1567
0.006675877,1568
0.006677188,1569
0.006681123,1570
0.006684407,1571
0.00668638,1572
0.00668901,1573
0.006692959,1574
0.006694936,1575
0.006696255,1576
0.006701539,1577
0.006704184,1578
0.006706834,1579
0.006710146,1580
0.006712135,1581
0.006716119,1582
0.006719443,1583
0.006722771,1584
0.006724104,1585
0.006726107,1586
0.006728779,1587
0.006732792,1588
0.006733462,1589
0.006734132,1590
0.006736817,1591
0.006739507,1592
0.006744221,1593
0.006747591,1594
0.006748265,1595
0.00675029,1596
0.00675367,1597
0.006756378,1598
0.006759089,1599
0.00676248,1600
0.006764514,1601
0.006767908,1602
0.006771985,1603
0.006774026,1604
0.006777432,1605
0.00678016,1606
0.006782894,1607
0.006784261,1608
0.006786999,1609
0.006790426,1610
0.006795231,1611
0.006797979,1612
0.006800734,1613
0.006801423,1614
0.006802803,1615
0.006806255,1616
0.006806945,1617
0.006810404,1618
0.006812483,1619
0.006815257,1620
0.006820119,1621
0.006822899,1622
0.00682429,1623
0.006824986,1624
0.00682638,1625
0.00682638,1626
0.006831971,1627
0.00683337,1628
0.00683407,1629
0.006838273,1630
0.006840378,1631
0.006843188,1632
0.006843188,1633
0.006845305,1634
0.006847424,1635
0.006850958,1636
0.00685308,1637
0.006858039,1638
0.006860879,1639
0.006862301,1640
0.006865148,1641
0.006868002,1642
0.006870142,1643
0.006872997,1644
0.006875857,1645
0.00687729,1646
0.006879442,1647
0.006880879,1648
0.006883758,1649
0.006890239,1650
0.006893842,1651
0.006898173,1652
0.006904679,1653
0.0069083,1654
0.006910476,1655
0.006913382,1656
0.006914109,1657
0.006917745,1658
0.006924301,1659
0.00692649,1660
0.006932338,1661
0.006935269,1662
0.006938939,1663
0.006941143,1664
0.006947027,1665
0.006949973,1666
0.006954404,1667
0.006957362,1668
0.006961066,1669
0.006965516,1670
0.006966999,1671
0.006969226,1672
0.006969226,1673
0.006970714,1674
0.006973695,1675
0.006975189,1676
0.006979679,1677
0.006982675,1678
0.006987173,1679
0.006990927,1680
0.006996189,1681
0.006998449,1682
0.007002977,1683
0.00700449,1684
0.007007517,1685
0.007011305,1686
0.007011305,1687
0.007015867,1688
0.007019677,1689
0.007022733,1690
0.007025029,1691
0.007027326,1692
0.007031921,1693
0.007035757,1694
0.007039597,1695
0.007040366,1696
0.007044218,1697
0.007046533,1698
0.007051166,1699
0.007053485,1700
0.007056579,1701
0.007066642,1702
0.007070519,1703
0.007076742,1704
0.007079081,1705
0.007079861,1706
0.007080641,1707
0.007083766,1708
0.007086896,1709
0.007088465,1710
0.007090821,1711
0.007094759,1712
0.007097123,1713
0.007101854,1714
0.007102643,1715
0.007102643,1716
0.007108189,1717
0.00711057,1718
0.00711375,1719
0.00711375,1720
0.007118524,1721
0.007120119,1722
0.007123313,1723
0.007130507,1724
0.007133712,1725
0.007136122,1726
0.007139336,1727
0.007140944,1728
0.007143362,1729
0.007144977,1730
0.007147404,1731
0.007149837,1732
0.007155529,1733
0.007157969,1734
0.007161224,1735
0.007167746,1736
0.007171833,1737
0.007172653,1738
0.007176767,1739
0.007178416,1740
0.007184188,1741
0.007188313,1742
0.007190792,1743
0.007194103,1744
0.007195761,1745
0.007199918,1746
0.007199918,1747
0.007201586,1748
0.007202421,1749
0.007205766,1750
0.007210795,1751
0.007213316,1752
0.007215001,1753
0.007218378,1754
0.007224295,1755
0.00722768,1756
0.007231919,1757
0.007233619,1758
0.007237025,1759
0.007240439,1760
0.00724386,1761
0.007248994,1762
0.007253281,1763
0.00725414,1764
0.007255001,1765
0.007256725,1766
0.007260177,1767
0.007263639,1768
0.007266235,1769
0.007267968,1770
0.007269702,1771
0.007272309,1772
0.007274051,1773
0.007276666,1774
0.007279288,1775
0.00728191,1776
0.007284533,1777
0.007288034,1778
0.007291543,1779
0.007295935,1780
0.007300337,1781
0.007303864,1782
0.007305627,1783
0.00730651,1784
0.00730916,1785
0.00731093,1786
0.007313588,1787
0.00731536,1788
0.007320682,1789
0.007322457,1790
0.007324233,1791
0.007326903,1792
0.00733047,1793
0.00733047,1794
0.007332258,1795
0.007334947,1796
0.007334947,1797
0.007339435,1798
0.007342133,1799
0.007343033,1800
0.007348445,1801
0.007352059,1802
0.00735659,1803
0.007358403,1804
0.007361124,1805
0.007364759,1806
0.007366579,1807
0.007370227,1808
0.007372967,1809
0.007374798,1810
0.007378463,1811
0.007382129,1812
0.007383965,1813
0.007384885,1814
0.007389491,1815
0.007396874,1816
0.007398723,1817
0.007398723,1818
0.007402426,1819
0.007407069,1820
0.007411723,1821
0.007416386,1822
0.007419191,1823
0.007422002,1824
0.007422939,1825
0.007423877,1826
0.007426696,1827
0.007429522,1828
0.007432357,1829
0.007434252,1830
0.007435201,1831
0.007436151,1832
0.007439005,1833
0.007442814,1834
0.007445676,1835
0.00745046,1836
0.007453339,1837
0.00745623,1838
0.007457194,1839
0.007461055,1840
0.007464924,1841
0.007464924,1842
0.007467843,1843
0.00747175,1844
0.007474692,1845
0.007479597,1846
0.007483524,1847
0.007484508,1848
0.007489439,1849
0.007492405,1850
0.00749637,1851
0.00749836,1852
0.007500351,1853
0.007501349,1854
0.00750335,1855
0.00750636,1856
0.007509378,1857
0.007511395,1858
0.007514426,1859
0.007518472,1860
0.007524547,1861
0.007526576,1862
0.00753166,1863
0.007533699,1864
0.00753779,1865
0.007538815,1866
0.007540866,1867
0.007544973,1868
0.007548062,1869
0.007551156,1870
0.00755219,1871
0.007553227,1872
0.007554265,1873
0.007556344,1874
0.007557384,1875
0.007560512,1876
0.007564694,1877
0.007567835,1878
0.007570986,1879
0.007574143,1880
0.007575196,1881
0.007578357,1882
0.007579413,1883
0.007583645,1884
0.007585765,1885
0.007586828,1886
0.007586828,1887
0.007590026,1888
0.007594294,1889
0.007595363,1890
0.007600716,1891
0.007605006,1892
0.00760716,1893
0.007610402,1894
0.007612564,1895
0.007615809,1896
0.007615809,1897
0.007617985,1898
0.007622345,1899
0.007623438,1900
0.007625631,1901
0.007627824,1902
0.007628921,1903
0.00763222,1904
0.007634424,1905
0.007635529,1906
0.007638855,1907
0.007642192,1908
0.00764553,1909
0.00764553,1910
0.007648869,1911
0.007653337,1912
0.007657818,1913
0.007662311,1914
0.007664563,1915
0.007667944,1916
0.007672452,1917
0.0076781,1918
0.00768263,1919
0.007686036,1920
0.007690582,1921
0.007692855,1922
0.007695129,1923
0.007697406,1924
0.007701967,1925
0.007711108,1926
0.007711108,1927
0.007713401,1928
0.00771455,1929
0.00771455,1930
0.00771455,1931
0.007715703,1932
0.00772032,1933
0.007729583,1934
0.007730744,1935
0.007736558,1936
0.007738885,1937
0.007738885,1938
0.007743548,1939
0.007744716,1940
0.007748226,1941
0.007750572,1942
0.007756454,1943
0.007756454,1944
0.007757632,1945
0.007759992,1946
0.007759992,1947
0.007762362,1948
0.007769494,1949
0.007769494,1950
0.007770686,1951
0.00777546,1952
0.007779049,1953
0.007782646,1954
0.007783848,1955
0.007786261,1956
0.00778747,1957
0.007788679,1958
0.007791098,1959
0.00779231,1960
0.00779231,1961
0.007794747,1962
0.007797187,1963
0.007799634,1964
0.00780208,1965
0.007804527,1966
0.007806978,1967
0.007810667,1968
0.007811898,1969
0.007813133,1970
0.007818079,1971
0.007820554,1972
0.007821792,1973
0.007829236,1974
0.007835454,1975
0.00783919,1976
0.007840438,1977
0.007844187,1978
0.007849189,1979
0.007851693,1980
0.007854203,1981
0.007854203,1982
0.007857988,1983
0.007864307,1984
0.007866839,1985
0.007868106,1986
0.007870641,1987
0.007874452,1988
0.007878269,1989
0.007879542,1990
0.007884648,1991
0.007884648,1992
0.007891048,1993
0.007893612,1994
0.007896181,1995
0.007898757,1996
0.007898757,1997
0.007903927,1998
0.007907816,1999
0.007909113,2000
0.007911708,2001
0.007915612,2002
0.007915612,2003
0.007915612,2004
0.007918231,2005
0.007928726,2006
0.007928726,2007
0.007932667,2008
0.00793793,2009
0.007943209,2010
0.007944532,2011
0.00794983,2012
0.007951156,2013
0.00795381,2014
0.00795381,2015
0.00795647,2016
0.007957802,2017
0.007961807,2018
0.007964482,2019
0.007967164,2020
0.007969848,2021
0.007971192,2022
0.007973882,2023
0.007976575,2024
0.007980618,2025
0.007981967,2026
0.007983321,2027
0.007984674,2028
0.007984674,2029
0.007984674,2030
0.007987394,2031
0.007992839,2032
0.007998295,2033
0.007999665,2034
0.007999665,2035
0.008002404,2036
0.008003776,2037
0.008005149,2038
0.008007904,2039
0.008014806,2040
0.008018963,2041
0.00802035,2042
0.008027287,2043
0.008030066,2044
0.008032853,2045
0.008035647,2046
0.008038448,2047
0.00803985,2048
0.008044057,2049
0.008044057,2050
0.008049697,2051
0.008051112,2052
0.008052531,2053
0.008053953,2054
0.008055379,2055
0.008055379,2056
0.008059665,2057
0.008062529,2058
0.008063967,2059
0.008065408,2060
0.008068295,2061
0.008069743,2062
0.008071193,2063
0.008074094,2064
0.008078459,2065
0.008079921,2066
0.008082852,2067
0.008087252,2068
0.008088726,2069
0.008091676,2070
0.008093152,2071
0.008099064,2072
0.00810351,2073
0.00810351,2074
0.008106488,2075
0.008109476,2076
0.008109476,2077
0.008112466,2078
0.008116962,2079
0.008118463,2080
0.008121477,2081
0.008124503,2082
0.008126021,2083
0.00812754,2084
0.008135141,2085
0.008139716,2086
0.008145837,2087
0.008148906,2088
0.008151985,2089
0.00815663,2090
0.008159727,2091
0.008162829,2092
0.008165937,2093
0.008167495,2094
0.008167495,2095
0.008170631,2096
0.008172204,2097
0.008175354,2098
0.008181661,2099
0.008183241,2100
0.008186417,2101
0.008188009,2102
0.008194403,2103
0.00819601,2104
0.008197619,2105
0.008205674,2106
0.00820729,2107
0.008208912,2108
0.008208912,2109
0.008212177,2110
0.008217098,2111
0.00821874,2112
0.008222028,2113
0.008223675,2114
0.00822698,2115
0.008231954,2116
0.00823362,2117
0.008235292,2118
0.008238636,2119
0.008240312,2120
0.008245358,2121
0.008247046,2122
0.00824874,2123
0.008252138,2124
0.008255551,2125
0.008258964,2126
0.008267509,2127
0.008267509,2128
0.008267509,2129
0.008270958,2130
0.008270958,2131
0.00827444,2132
0.008276182,2133
0.008277926,2134
0.008277926,2135
0.008279683,2136
0.008284967,2137
0.008284967,2138
0.00828674,2139
0.008288513,2140
0.008293838,2141
0.008295613,2142
0.008299164,2143
0.008300942,2144
0.008302725,2145
0.008308087,2146
0.008308087,2147
0.008315249,2148
0.00831884,2149
0.008322442,2150
0.008324245,2151
0.008326053,2152
0.008326053,2153
0.008331491,2154
0.008333306,2155
0.008335124,2156
0.008336949,2157
0.008340608,2158
0.008347952,2159
0.008351636,2160
0.008353479,2161
0.008357166,2162
0.008357166,2163
0.008359021,2164
0.008359021,2165
0.00836275,2166
0.008370245,2167
0.008372119,2168
0.008372119,2169
0.00837588,2170
0.008377767,2171
0.008377767,2172
0.008379665,2173
0.00838157,2174
0.008387285,2175
0.008391101,2176
0.008394927,2177
0.008402602,2178
0.008402602,2179
0.008406475,2180
0.008410365,2181
0.008412311,2182
0.008416209,2183
0.008422075,2184
0.008425998,2185
0.008427973,2186
0.008433938,2187
0.008441917,2188
0.008441917,2189
0.008447918,2190
0.008449925,2191
0.008457975,2192
0.008459998,2193
0.008459998,2194
0.008459998,2195
0.008459998,2196
0.008459998,2197
0.008466187,2198
0.008472378,2199
0.008474459,2200
0.008476551,2201
0.008480757,2202
0.008487073,2203
0.008489183,2204
0.00849554,2205
0.008497668,2206
0.008499806,2207
0.008499806,2208
0.008499806,2209
0.008504132,2210
0.008504132,2211
0.008506308,2212
0.008508496,2213
0.008508496,2214
0.008508496,2215
0.008510719,2216
0.008510719,2217
0.008515174,2218
0.008515174,2219
0.008519674,2220
0.008526467,2221
0.00853102,2222
0.00853102,2223
0.008535599,2224
0.008540188,2225
0.008542489,2226
0.008542489,2227
0.00854946,2228
0.008551792,2229
0.00855882,2230
0.00855882,2231
0.008561166,2232
0.008561166,2233
0.008565893,2234
0.008565893,2235
0.008565893,2236
0.00857307,2237
0.008575466,2238
0.008582664,2239
0.00858748,2240
0.008589896,2241
0.008589896,2242
0.008594794,2243
0.008594794,2244
0.008594794,2245
0.008597258,2246
0.008599732,2247
0.008599732,2248
0.008604719,2249
0.008607226,2250
0.008612276,2251
0.008614806,2252
0.008622413,2253
0.008622413,2254
0.008624969,2255
0.008627537,2256
0.008632718,2257
0.008635322,2258
0.008637927,2259
0.008637927,2260
0.008640544,2261
0.0086458,2262
0.008651079,2263
0.008651079,2264
0.008653749,2265
0.008661773,2266
0.008661773,2267
0.008667154,2268
0.008669853,2269
0.008672564,2270
0.008672564,2271
0.008680815,2272
0.008680815,2273
0.008683572,2274
0.008689109,2275
0.008689109,2276
0.008689109,2277
0.008691903,2278
0.00869471,2279
0.00869471,2280
0.008697524,2281
0.008697524,2282
0.008697524,2283
0.008700366,2284
0.008700366,2285
0.008700366,2286
0.008700366,2287
0.008700366,2288
0.008709018,2289
0.008714832,2290
0.008714832,2291
0.008714832,2292
0.008720746,2293
0.008723705,2294
0.008729633,2295
0.008729633,2296
0.008729633,2297
0.008729633,2298
0.008729633,2299
0.008729633,2300
0.008729633,2301
0.008729633,2302
0.008735762,2303
0.008735762,2304
0.008735762,2305
0.008735762,2306
0.008735762,2307
0.008738853,2308
0.008748142,2309
0.008748142,2310
0.008748142,2311
0.008748142,2312
0.00875129,2313
0.00875129,2314
0.008754459,2315
0.008757632,2316
0.008757632,2317
0.008757632,2318
0.008760863,2319
0.008760863,2320
0.008764144,2321
0.008770712,2322
0.008780591,2323
0.00878721,2324
0.00878721,2325
0.008790546,2326
0.008790546,2327
0.008790546,2328
0.008793936,2329
0.008793936,2330
0.008797332,2331
0.008807617,2332
0.008811063,2333
0.008821474,2334
0.008824965,2335
0.008831951,2336
0.008831951,2337
0.00883547,2338
0.008839005,2339
0.008842556,2340
0.0088497,2341
0.0088497,2342
0.008864101,2343
0.008871317,2344
0.008874951,2345
0.008874951,2346
0.00887862,2347
0.00887862,2348
0.00887862,2349
0.00887862,2350
0.00887862,2351
0.00887862,2352
0.00887862,2353
0.00887862,2354
0.008882421,2355
0.008886252,2356
0.008890088,2357
0.008893931,2358
0.008901653,2359
0.008901653,2360
0.008901653,2361
0.008901653,2362
0.008905615,2363
0.008909579,2364
0.008917525,2365
0.008917525,2366
0.008921535,2367
0.008921535,2368
0.008921535,2369
0.008921535,2370
0.008921535,2371
0.008929833,2372
0.008934024,2373
0.008938242,2374
0.00894249,2375
0.008946769,2376
0.008946769,2377
0.008946769,2378
0.008946769,2379
0.008946769,2380
0.008946769,2381
0.008951163,2382
0.0089556,2383
0.0089556,2384
0.008960085,2385
0.008960085,2386
0.008960085,2387
0.008964664,2388
0.008969283,2389
0.008969283,2390
0.008978732,2391
0.008978732,2392
0.008978732,2393
0.008978732,2394
0.008978732,2395
0.008988435,2396
0.008988435,2397
0.008993393,2398
0.008998358,2399
0.008998358,2400
0.008998358,2401
0.008998358,2402
0.0090034,2403
0.009008486,2404
0.00901363,2405
0.009018783,2406
0.009018783,2407
0.009023972,2408
0.009023972,2409
0.009034571,2410
0.009045282,2411
0.009045282,2412
0.009045282,2413
0.009050715,2414
0.009050715,2415
0.009050715,2416
0.009050715,2417
0.009056345,2418
0.009062064,2419
0.009067791,2420
0.009079265,2421
0.009085039,2422
0.009090849,2423
0.009096708,2424
0.009096708,2425
0.009096708,2426
0.009102725,2427
0.009102725,2428
0.009108813,2429
0.009114957,2430
0.009114957,2431
0.009127504,2432
0.009127504,2433
0.009127504,2434
0.009140105,2435
0.009140105,2436
0.009146487,2437
0.009152938,2438
0.009152938,2439
0.009152938,2440
0.009152938,2441
0.009152938,2442
0.009159685,2443
0.009166488,2444
0.009166488,2445
0.009166488,2446
0.009166488,2447
0.009173519,2448
0.009173519,2449
0.009173519,2450
0.009173519,2451
0.009173519,2452
0.009173519,2453
0.009180937,2454
0.009180937,2455
0.009180937,2456
0.009180937,2457
0.009180937,2458
0.009180937,2459
0.009180937,2460
0.009189053,2461
0.009197193,2462
0.009205361,2463
0.009205361,2464
0.009205361,2465
0.009205361,2466
0.009214083,2467
0.00922295,2468
0.00922295,2469
0.00922295,2470
0.00922295,2471
0.00922295,2472
0.00922295,2473
0.00922295,2474
0.00922295,2475
0.00922295,2476
0.009232745,2477
0.009232745,2478
0.00924301,2479
0.00924301,2480
0.00924301,2481
0.00924301,2482
0.009253921,2483
0.009253921,2484
0.009265164,2485
0.009276614,2486
0.009288351,2487
0.009288351,2488
0.009288351,2489
0.009288351,2490
0.009288351,2491
0.009288351,2492
0.009288351,2493
0.009288351,2494
0.009288351,2495
0.009288351,2496
0.009288351,2497
0.009288351,2498
0.009288351,2499
0.009288351,2500
0.009288351,2501
0.009288351,2502
0.009288351,2503
0.009288351,2504
0.009288351,2505
0.009288351,2506
0.009288351,2507
0.009288351,2508
0.009288351,2509
0.009288351,2510
0.009288351,2511
0.00930679,2512
0.00930679,2513
0.00930679,2514
0.00930679,2515
0.009327606,2516
0.009327606,2517
0.009349822,2518
0.009349822,2519
0.009349822,2520
0.009349822,2521
0.009349822,2522
0.009349822,2523
0.009349822,2524
0.009349822,2525
0.009349822,2526
0.009349822,2527
0.009349822,2528
0.009349822,2529
0.009349822,2530
0.009349822,2531
0.009349822,2532
0.009349822,2533
0.009382756,2534
0.009382756,2535
0.009382756,2536
0.009382756,2537
0.009382756,2538
0.009382756,2539
0.009423977,2540
0.009423977,2541
0.009423977,2542
0.009423977,2543
0.009423977,2544
0.009423977,2545
0.009423977,2546
0.009423977,2547
0.009423977,2548
0.009423977,2549
0.009423977,2550
0.009423977,2551
0.009423977,2552
0.009423977,2553
0.009423977,2554
0.009423977,2555
0.009423977,2556